area,district,property_type,price,listing_type,price_text
65.0,Huyện Đông Anh,khac,7250000000,ban,"7,25 tỷ"
50.0,Quận Hai Bà Trưng,khac,35000000,ban,35 triệu/tháng
60.7999,Quận Cầu Giấy,khac,27888666000,ban,"27,888 tỷ"
42.0,Quận Hai Bà Trưng,khac,11500000000,ban,"11,5 tỷ"
55.0,Quận Long Biên,khac,12500000000,ban,"12,5 tỷ"
40.0,Quận Hoàn Kiếm,khac,12000000,ban,12 triệu/tháng
38.0,Quận Hoàng Mai,khac,13000000,ban,13 triệu/tháng
148.0,Quận Long Biên,biet_thu,38000000000,ban,38 tỷ
60.0,Quận Long Biên,khac,13600000000,ban,"13,6 tỷ"
70.0,Quận Long Biên,nha_pho,16800000000,ban,"16,8 tỷ"
25.0,Quận Hà Đông,khac,6500000000,ban,"6,5 tỷ"
33.0,Quận Nam Từ Liêm,khac,8400000000,ban,"8,4 tỷ"
27.0,Quận Hai Bà Trưng,khac,6150000000,ban,"6,15 tỷ"
42.0,Quận Hai Bà Trưng,khac,9000000,ban,9 triệu/tháng
50.0,Quận Đống Đa,nha_pho,9500000000,ban,"9,5 tỷ"
40.0,Quận Hoàng Mai,nha_pho,8900000000,ban,"8,9 tỷ"
75.0,Quận Hoàng Mai,khac,15900000000,ban,"15,9 tỷ"
34.0,Quận Nam Từ Liêm,khac,8100000000,ban,"8,1 tỷ"
55.0,Quận Hà Đông,khac,8600000000,ban,"8,6 tỷ"
88.0,Quận Long Biên,khac,20600000000,ban,"20,6 tỷ"
63.0,Quận Hà Đông,khac,17000000000,ban,17 tỷ
58.0,Quận Thanh Xuân,khac,11120000000,ban,"11,12 tỷ"
50.0,Quận Thanh Xuân,khac,10900000000,ban,"10,9 tỷ"
45.0,Quận Hoàng Mai,khac,11750000000,ban,"11,75 tỷ"
25.0,Quận Hai Bà Trưng,khac,7000000,ban,7 triệu/tháng
75.0,Quận Ba Đình,khac,48500000000,ban,"48,5 tỷ"
55.0,Huyện Thanh Trì,khac,650000000,ban,650 triệu
50.0,Quận Thanh Xuân,khac,18250000000,ban,"18,25 tỷ"
36.0,Quận Hoàng Mai,khac,8810000000,ban,"8,81 tỷ"
48.0,Quận Thanh Xuân,khac,20650000000,ban,"20,65 tỷ"
45.0,Quận Thanh Xuân,khac,11000000000,ban,11 tỷ
32.0,Quận Long Biên,khac,6600000000,ban,"6,6 tỷ"
30.0,Quận Cầu Giấy,khac,8100000000,ban,"8,1 tỷ"
41.0,Quận Thanh Xuân,khac,10000000000,ban,10 tỷ
42.0,Quận Long Biên,nha_pho,9000000000,ban,9 tỷ
47.0,Quận Ba Đình,khac,12950000000,ban,"12,95 tỷ"
50.0,Quận Hai Bà Trưng,nha_pho,15950000000,ban,"15,95 tỷ"
70.0,Quận Bắc Từ Liêm,khac,6000000,ban,6 triệu/tháng
73.0,Quận Cầu Giấy,nha_pho,48900000000,ban,"48,9 tỷ"
20.0,Quận Thanh Xuân,khac,5600000000,ban,"5,6 tỷ"
20.0,Quận Đống Đa,khac,3500000,ban,"3,5 triệu/tháng"
50.0,Quận Hà Đông,khac,8500000000,ban,"8,5 tỷ"
25.0,Quận Ba Đình,khac,8000000,ban,8 triệu/tháng
20.0,Quận Ba Đình,khac,10500000,ban,"10,5 triệu/tháng"
34.0,Quận Hà Đông,khac,5300000000,ban,"5,3 tỷ"
41.0,Quận Hoàng Mai,khac,17500000000,ban,"17,5 tỷ"
44.0,Quận Hà Đông,khac,13900000000,ban,"13,9 tỷ"
98.0,Quận Hà Đông,khac,36000000000,ban,36 tỷ
50.0,Quận Long Biên,khac,12800000000,ban,"12,8 tỷ"
60.0,Quận Nam Từ Liêm,khac,14000000,ban,14 triệu/tháng
68.0,Quận Long Biên,khac,10800000000,ban,"10,8 tỷ"
37.0,Quận Nam Từ Liêm,khac,6390000000,ban,"6,39 tỷ"
56.0,Quận Long Biên,khac,12000000000,ban,12 tỷ
50.0,Quận Hoàng Mai,khac,19400000000,ban,"19,4 tỷ"
24.0,Quận Đống Đa,khac,4380000000,ban,"4,38 tỷ"
48.0,Quận Long Biên,khac,8500000000,ban,"8,5 tỷ"
40.0,Quận Cầu Giấy,khac,14000000000,ban,14 tỷ
40.0,Quận Hoàn Kiếm,khac,12000000,ban,12 triệu/tháng
58.0,Quận Hà Đông,khac,8686000000,ban,"8,686 tỷ"
47.0,Quận Hai Bà Trưng,khac,15800000000,ban,"15,8 tỷ"
66.0,Quận Long Biên,nha_pho,17600000000,ban,"17,6 tỷ"
33.0,Quận Thanh Xuân,khac,7900000000,ban,"7,9 tỷ"
40.0,Quận Đống Đa,khac,15000000,ban,15 triệu/tháng
40.0,Quận Bắc Từ Liêm,khac,12500000000,ban,"12,5 tỷ"
66.5,Quận Cầu Giấy,khac,20300000000,ban,"20,3 tỷ"
50.0,Quận Hai Bà Trưng,khac,11300000000,ban,"11,3 tỷ"
65.1998,Quận Hoàng Mai,khac,9700000000,ban,"9,7 tỷ"
50.0,Quận Long Biên,khac,13800000000,ban,"13,8 tỷ"
40.0,Quận Bắc Từ Liêm,khac,8000000000,ban,8 tỷ
40.0,Quận Long Biên,khac,18000000,ban,18 triệu/tháng
34.0,Quận Hà Đông,khac,5500000000,ban,"5,5 tỷ"
65.0,Quận Hai Bà Trưng,nha_pho,40500000000,ban,"40,5 tỷ"
40.0,Quận Long Biên,khac,11500000000,ban,"11,5 tỷ"
146.0,Quận Bắc Từ Liêm,khac,40000000000,ban,40 tỷ
35.0,Quận Long Biên,khac,9000000000,ban,9 tỷ
39.0,Quận Long Biên,khac,8300000000,ban,"8,3 tỷ"
20.0,Quận Ba Đình,khac,10000000,ban,10 triệu/tháng
35.0,Quận Long Biên,khac,11000000,ban,11 triệu/tháng
135.0,Quận Cầu Giấy,khac,24500000,ban,"24,5 triệu/tháng"
87.0,Huyện Hoài Đức,khac,6200000000,ban,"6,2 tỷ"
46.0,Quận Long Biên,khac,8500000000,ban,"8,5 tỷ"
58.5,Huyện Thanh Oai,khac,5600000000,ban,"5,6 tỷ"
32.0,Quận Cầu Giấy,khac,8100000000,ban,"8,1 tỷ"
37.0,Quận Hoàng Mai,khac,9600000000,ban,"9,6 tỷ"
25.0,Quận Hai Bà Trưng,nha_pho,6200000000,ban,"6,2 tỷ"
35.0,Huyện Gia Lâm,khac,5800000000,ban,"5,8 tỷ"
30.0,Quận Thanh Xuân,khac,16000000,ban,16 triệu/tháng
50.0,Quận Thanh Xuân,khac,16000000,ban,16 triệu/tháng
50.0,Quận Long Biên,khac,11800000000,ban,"11,8 tỷ"
45.0,Quận Nam Từ Liêm,nha_pho,9200000000,ban,"9,2 tỷ"
50.0,Quận Long Biên,khac,12000000000,ban,12 tỷ
35.0,Quận Long Biên,khac,5900000000,ban,"5,9 tỷ"
55.0,Quận Nam Từ Liêm,khac,12500000000,ban,"12,5 tỷ"
50.0,Quận Hà Đông,khac,25000000,ban,25 triệu/tháng
70.0,Quận Nam Từ Liêm,khac,8600000000,ban,"8,6 tỷ"
30.0,Quận Hoàng Mai,khac,8000000,ban,8 triệu/tháng
65.0,Quận Long Biên,khac,13600000000,ban,"13,6 tỷ"
30.0,Quận Ba Đình,khac,12500000,ban,"12,5 triệu/tháng"
20.0,Quận Hai Bà Trưng,khac,5000000000,ban,5 tỷ
33.0,Huyện Thanh Oai,khac,3100000000,ban,"3,1 tỷ"
900.0,Huyện Sóc Sơn,khac,17000000000,ban,17 tỷ
368.0,Huyện Sóc Sơn,dat,1600000000,ban,"1,6 tỷ"
45.0,Quận Hai Bà Trưng,khac,12000000000,ban,12 tỷ
41.0,Huyện Phúc Thọ,dat,1450000000,ban,"1,45 tỷ"
37.0,Huyện Thanh Trì,dat,4500000000,ban,"4,5 tỷ"
56.0,Huyện Đông Anh,khac,3750000000,ban,"3,75 tỷ"
98.1998,Huyện Chương Mỹ,dat,2650000000,ban,"2,65 tỷ"
129.0,Huyện Sóc Sơn,khac,2600000000,ban,"2,6 tỷ"
60.0,Quận Bắc Từ Liêm,dat,11800000000,ban,"11,8 tỷ"
80.0,Huyện Thường Tín,dat,4300000000,ban,"4,3 tỷ"
116.0,Huyện Đông Anh,dat,6800000000,ban,"6,8 tỷ"
95.0,Huyện Gia Lâm,dat,7050000000,ban,"7,05 tỷ"
45.0999,Huyện Gia Lâm,dat,9200000000,ban,"9,2 tỷ"
539.0,Huyện Ba Vì,dat,5300000000,ban,"5,3 tỷ"
950.0,Huyện Ba Vì,dat,12500000000,ban,"12,5 tỷ"
55.0,Quận Long Biên,dat,12000000000,ban,12 tỷ
68.0,Huyện Phúc Thọ,dat,2210000000,ban,"2,21 tỷ"
506.0,Thị xã Sơn Tây,biet_thu,3700000000,ban,"3,7 tỷ"
58.0,Huyện Mê Linh,dat,1500000000,ban,"1,5 tỷ"
48.0,Quận Hà Đông,dat,9000000000,ban,9 tỷ
78.4,Huyện Thanh Oai,dat,9000000000,ban,9 tỷ
32.0,Quận Nam Từ Liêm,dat,5290000000,ban,"5,29 tỷ"
80.0,Huyện Đông Anh,dat,5200000000,ban,"5,2 tỷ"
100.0,Huyện Quốc Oai,khac,2400000000,ban,"2,4 tỷ"
106.0,Huyện Đông Anh,khac,10550000000,ban,"10,55 tỷ"
50.0,Quận Long Biên,dat,10500000000,ban,"10,5 tỷ"
40.0,Quận Bắc Từ Liêm,dat,4700000000,ban,"4,7 tỷ"
124.0,Huyện Thạch Thất,dat,3120000000,ban,"3,12 tỷ"
100.0,Huyện Quốc Oai,khac,2900000000,ban,"2,9 tỷ"
41.0,Quận Hà Đông,dat,2920000000,ban,"2,92 tỷ"
386.0,Huyện Sóc Sơn,dat,1700000000,ban,"1,7 tỷ"
84.0,Huyện Thanh Trì,dat,12900000000,ban,"12,9 tỷ"
82.0,Huyện Thường Tín,dat,5700000000,ban,"5,7 tỷ"
45.0,Huyện Gia Lâm,dat,3600000000,ban,"3,6 tỷ"
37.5,Huyện Thanh Trì,dat,4600000000,ban,"4,6 tỷ"
81.0,Quận Long Biên,dat,13900000000,ban,"13,9 tỷ"
80.0,Quận Long Biên,khac,21900000000,ban,"21,9 tỷ"
150.0,Quận Hà Đông,biet_thu,5400000000,ban,"5,4 tỷ"
70.0,Huyện Sóc Sơn,dat,3600000000,ban,"3,6 tỷ"
126.0,Huyện Sóc Sơn,dat,2500000000,ban,"2,5 tỷ"
100.0,Huyện Sóc Sơn,dat,1111150000,ban,"1,111 tỷ"
37.0,Quận Long Biên,dat,5800000000,ban,"5,8 tỷ"
67.1999,Huyện Đông Anh,dat,3800000000,ban,"3,8 tỷ"
95.0,Huyện Hoài Đức,dat,6300000000,ban,"6,3 tỷ"
81.0,Huyện Thường Tín,dat,5550000000,ban,"5,55 tỷ"
46.0,Quận Long Biên,dat,4300000000,ban,"4,3 tỷ"
40.0,Quận Bắc Từ Liêm,dat,4600000000,ban,"4,6 tỷ"
62.2999,Huyện Chương Mỹ,dat,2300000000,ban,"2,3 tỷ"
46.0,Quận Long Biên,dat,4300000000,ban,"4,3 tỷ"
62.5,Huyện Đông Anh,dat,5750000000,ban,"5,75 tỷ"
818.0,Huyện Mỹ Đức,khac,1200000000,ban,"1,2 tỷ"
85.0,Huyện Quốc Oai,dat,5150000000,ban,"5,15 tỷ"
57.0,Quận Tây Hồ,dat,12900000000,ban,"12,9 tỷ"
61.5,Huyện Thạch Thất,khac,1750000000,ban,"1,75 tỷ"
50.0,Quận Hà Đông,dat,15500000000,ban,"15,5 tỷ"
6000.0,Quận Hoàng Mai,khac,350000,ban,350000 đ/tháng
300.0,Quận Bắc Từ Liêm,khac,750000000,ban,750 triệu
35.0,Huyện Thanh Trì,khac,3850000000,ban,"3,85 tỷ"
107.0,Quận Hoàng Mai,dat,32000000000,ban,32 tỷ
2300.0,Huyện Thạch Thất,dat,18500000000,ban,"18,5 tỷ"
104.0,Huyện Đông Anh,dat,6500000000,ban,"6,5 tỷ"
100.0,Huyện Quốc Oai,dat,3947831325,ban,"3,947 tỷ"
41.0,Huyện Đông Anh,dat,2880000000,ban,"2,88 tỷ"
61.0,Huyện Gia Lâm,dat,5600000000,ban,"5,6 tỷ"
115.0,Huyện Sóc Sơn,khac,3500000000,ban,"3,5 tỷ"
60.0,Huyện Thanh Trì,khac,4700000000,ban,"4,7 tỷ"
80.0,Huyện Chương Mỹ,khac,1400000000,ban,"1,4 tỷ"
78.0,Huyện Sóc Sơn,khac,2150000000,ban,"2,15 tỷ"
60.0,Huyện Sóc Sơn,dat,2600000000,ban,"2,6 tỷ"
56.0,Huyện Đông Anh,dat,4100000000,ban,"4,1 tỷ"
86.0,Huyện Chương Mỹ,dat,1400000000,ban,"1,4 tỷ"
166.0,Quận Long Biên,dat,24000000000,ban,24 tỷ
100.0,Huyện Thường Tín,dat,700000000,ban,700 triệu
74.0,Quận Hà Đông,dat,9900000000,ban,"9,9 tỷ"
66.0,Quận Hai Bà Trưng,dat,11880000000,ban,"11,88 tỷ"
125.0,Huyện Ba Vì,dat,1750000000,ban,"1,75 tỷ"
76.0,Huyện Chương Mỹ,khac,3500000000,ban,"3,5 tỷ"
86.0,Huyện Chương Mỹ,dat,1368000000,ban,"1,368 tỷ"
60.7999,Huyện Thanh Trì,dat,7200000000,ban,"7,2 tỷ"
56.0,Huyện Mê Linh,khac,2500000000,ban,"2,5 tỷ"
58.0,Huyện Mê Linh,dat,3500000000,ban,"3,5 tỷ"
120.0,Huyện Đông Anh,dat,9000000000,ban,9 tỷ
100.0,Huyện Quốc Oai,dat,2300000000,ban,"2,3 tỷ"
60.0,Huyện Thạch Thất,khac,1680000000,ban,"1,68 tỷ"
240.0,Huyện Thanh Oai,dat,13400000000,ban,"13,4 tỷ"
60.0,Thị xã Sơn Tây,dat,2050000000,ban,"2,05 tỷ"
70.0,Thị xã Sơn Tây,khac,1200000000,ban,"1,2 tỷ"
98.0,Huyện Đông Anh,dat,10800000000,ban,"10,8 tỷ"
100.0,Huyện Thạch Thất,khac,4300000000,ban,"4,3 tỷ"
574.0,Quận Ba Đình,dat,220000000000,ban,220 tỷ
36.0,Quận Long Biên,dat,6200000000,ban,"6,2 tỷ"
115.0,Huyện Đông Anh,khac,8000000000,ban,8 tỷ
88.0,Huyện Chương Mỹ,dat,1650000000,ban,"1,65 tỷ"
40.0,Huyện Thanh Trì,dat,2500000000,ban,"2,5 tỷ"
43.0,Quận Nam Từ Liêm,dat,6500000000,ban,"6,5 tỷ"
33.0,Quận Nam Từ Liêm,dat,6200000000,ban,"6,2 tỷ"
37.0,Quận Nam Từ Liêm,dat,6000000000,ban,6 tỷ
90.0,Quận Tây Hồ,dat,25500000000,ban,"25,5 tỷ"
100.0,Huyện Thạch Thất,dat,2000000000,ban,2 tỷ
110.0,Huyện Quốc Oai,dat,2475000000,ban,"2,475 tỷ"
50.0,Quận Hoàng Mai,khac,8000000000,ban,8 tỷ
50.0,Quận Hoàng Mai,khac,11200000000,ban,"11,2 tỷ"
50.0,Quận Ba Đình,khac,6900000000,ban,"6,9 tỷ"
35.0,Quận Long Biên,khac,6500000000,ban,"6,5 tỷ"
31.0,Quận Hà Đông,khac,6800000000,ban,"6,8 tỷ"
50.0,Quận Hoàng Mai,khac,11350000000,ban,"11,35 tỷ"
50.0,Quận Hoàng Mai,khac,11200000000,ban,"11,2 tỷ"
33.0,Quận Hai Bà Trưng,khac,7300000000,ban,"7,3 tỷ"
35.0,Quận Hai Bà Trưng,khac,8350000000,ban,"8,35 tỷ"
222.0,Quận Bắc Từ Liêm,khac,78000000000,ban,78 tỷ
50.0,Quận Hoàng Mai,khac,11680000000,ban,"11,68 tỷ"
79.5,Quận Hà Đông,nha_pho,33000000000,ban,33 tỷ
40.0,Quận Hoàng Mai,khac,19500000000,ban,"19,5 tỷ"
30.0,Quận Thanh Xuân,khac,2050000000,ban,"2,05 tỷ"
25.0,Quận Hai Bà Trưng,khac,6600000000,ban,"6,6 tỷ"
21.0,Quận Hai Bà Trưng,nha_pho,6200000000,ban,"6,2 tỷ"
19.0,Quận Hoàng Mai,khac,2260000000,ban,"2,26 tỷ"
50.0,Quận Hoàng Mai,nha_pho,5000000,ban,5 triệu/tháng
40.0,Quận Ba Đình,khac,20000000,ban,20 triệu/tháng
100.0,Quận Ba Đình,khac,5200000000,ban,"5,2 tỷ"
40.0,Quận Ba Đình,khac,5000000,ban,5 triệu/tháng
76.0,Quận Nam Từ Liêm,khac,4600000000,ban,"4,6 tỷ"
35.0,Quận Ba Đình,khac,13000000,ban,13 triệu/tháng
51.0,Quận Hai Bà Trưng,khac,10800000000,ban,"10,8 tỷ"
36.0,Quận Hoàng Mai,khac,7800000000,ban,"7,8 tỷ"
32.0,Huyện Hoài Đức,khac,3800000000,ban,"3,8 tỷ"
30.0,Quận Hoàng Mai,khac,10000000,ban,10 triệu/tháng
31.0,Quận Hoàng Mai,khac,7300000000,ban,"7,3 tỷ"
30.0,Quận Hoàng Mai,khac,6000000000,ban,6 tỷ
35.0,Huyện Thanh Trì,khac,2000000000,ban,2 tỷ
350.0,Huyện Thanh Trì,khac,20000000,ban,20 triệu/tháng
55.0,Quận Thanh Xuân,khac,12000000000,ban,12 tỷ
35.0,Quận Hà Đông,khac,5600000000,ban,"5,6 tỷ"
50.0,Quận Hoàng Mai,khac,11600000000,ban,"11,6 tỷ"
50.0,Quận Hoàng Mai,khac,13500000000,ban,"13,5 tỷ"
50.0,Quận Long Biên,khac,11000000000,ban,11 tỷ
60.0,Quận Hoàng Mai,khac,15450000000,ban,"15,45 tỷ"
25.0,Quận Đống Đa,khac,5600000000,ban,"5,6 tỷ"
80.0,Huyện Đông Anh,khac,5000000,ban,5 triệu/tháng
31.0,Quận Hoàng Mai,khac,6000000000,ban,6 tỷ
120.0,Quận Bắc Từ Liêm,nha_pho,36000000000,ban,36 tỷ
48.0,Quận Long Biên,khac,10000000000,ban,10 tỷ
55.0,Quận Đống Đa,khac,12000000000,ban,12 tỷ
27.0,Quận Hai Bà Trưng,khac,7000000,ban,7 triệu/tháng
42.0,Quận Ba Đình,khac,17300000000,ban,"17,3 tỷ"
22.0,Quận Thanh Xuân,khac,7500000000,ban,"7,5 tỷ"
40.0,Quận Tây Hồ,khac,19875649,ban,"19,87 triệu/tháng"
35.0,Quận Hoàng Mai,khac,12500000,ban,"12,5 triệu/tháng"
40.0,Quận Hà Đông,khac,10600000000,ban,"10,6 tỷ"
35.0,Quận Long Biên,khac,10000000000,ban,10 tỷ
35.0,Quận Đống Đa,khac,9000000000,ban,9 tỷ
68.0,Quận Long Biên,dat,16000000000,ban,16 tỷ
48.0,Quận Thanh Xuân,khac,11000000000,ban,11 tỷ
41.0,Huyện Đông Anh,khac,3750000000,ban,"3,75 tỷ"
80.0,Quận Long Biên,khac,13500000,ban,"13,5 triệu/tháng"
40.0,Quận Hà Đông,khac,5600000000,ban,"5,6 tỷ"
55.0,Quận Tây Hồ,khac,15000000,ban,15 triệu/tháng
50.0,Quận Hà Đông,khac,6500000,ban,"6,5 triệu/tháng"
45.0,Quận Bắc Từ Liêm,khac,11000000,ban,11 triệu/tháng
42.0,Quận Long Biên,khac,8000000,ban,8 triệu/tháng
189.0,Quận Bắc Từ Liêm,biet_thu,24000000000,ban,24 tỷ
35.0,Quận Hoàng Mai,dat,10000000000,ban,10 tỷ
45.0,Quận Thanh Xuân,khac,12700000000,ban,"12,7 tỷ"
19.0,Quận Thanh Xuân,khac,5000000000,ban,5 tỷ
54.0,Quận Hoàng Mai,nha_pho,33000000000,ban,33 tỷ
35.0,Quận Hoàn Kiếm,khac,10900000000,ban,"10,9 tỷ"
32.0,Huyện Thanh Oai,khac,4550000000,ban,"4,55 tỷ"
70.0,Quận Long Biên,nha_pho,6000000,ban,6 triệu/tháng
33.0,Quận Cầu Giấy,khac,7980000000,ban,"7,98 tỷ"
40.0,Quận Đống Đa,khac,32000000,ban,32 triệu/tháng
52.0,Quận Nam Từ Liêm,khac,12600000000,ban,"12,6 tỷ"
40.0,Quận Long Biên,khac,7000000000,ban,7 tỷ
58.0,Quận Hai Bà Trưng,khac,10990000000,ban,"10,99 tỷ"
55.0,Quận Long Biên,nha_pho,25000000000,ban,25 tỷ
134.5,Quận Đống Đa,khac,130000000000,ban,130 tỷ
120.0,Quận Đống Đa,khac,34900000000,ban,"34,9 tỷ"
41.0,Quận Đống Đa,khac,9200000000,ban,"9,2 tỷ"
49.0,Quận Hoàng Mai,khac,4900000000,ban,"4,9 tỷ"
60.0,Quận Thanh Xuân,khac,6500000,ban,"6,5 triệu/tháng"
38.0,Quận Hoàng Mai,nha_pho,12000000000,ban,12 tỷ
37.4,Quận Tây Hồ,khac,8700000000,ban,"8,7 tỷ"
45.0,Quận Hà Đông,khac,3750000000,ban,"3,75 tỷ"
60.0,Quận Long Biên,khac,21000000000,ban,21 tỷ
39.0,Quận Thanh Xuân,khac,7700000000,ban,"7,7 tỷ"
36.0,Quận Tây Hồ,khac,47900000,ban,"47,9 triệu/tháng"
40.0,Huyện Thanh Oai,khac,4000000000,ban,4 tỷ
20.0,Quận Hai Bà Trưng,khac,5350000000,ban,"5,35 tỷ"
45.0,Quận Hai Bà Trưng,khac,4800000,ban,"4,8 triệu/tháng"
50.0,Quận Ba Đình,khac,7000000,ban,7 triệu/tháng
24.0,Quận Hoàng Mai,khac,6900000000,ban,"6,9 tỷ"
45.0,Quận Hà Đông,khac,17000000,ban,17 triệu/tháng
40.0,Quận Hoàng Mai,khac,9600000000,ban,"9,6 tỷ"
135.0,Huyện Đông Anh,biet_thu,33750000000,ban,"33,75 tỷ"
50.0,Quận Long Biên,khac,9000000000,ban,9 tỷ
33.0,Quận Hai Bà Trưng,khac,6900000000,ban,"6,9 tỷ"
28.0,Quận Hai Bà Trưng,khac,8200000000,ban,"8,2 tỷ"
38.0,Quận Hà Đông,khac,9450000000,ban,"9,45 tỷ"
42.0,Quận Long Biên,khac,9100000000,ban,"9,1 tỷ"
32.0,Quận Hai Bà Trưng,khac,10999999999,ban,"10,999 tỷ"
40.0,Quận Thanh Xuân,nha_pho,7500000000,ban,"7,5 tỷ"
25.0,Quận Hai Bà Trưng,khac,6100000000,ban,"6,1 tỷ"
82.0,Quận Hai Bà Trưng,khac,15500000000,ban,"15,5 tỷ"
31.5,Quận Đống Đa,khac,9500000000,ban,"9,5 tỷ"
55.0,Quận Hoàng Mai,nha_pho,22000000,ban,22 triệu/tháng
160.0,Quận Hoàng Mai,khac,9000000,ban,9 triệu/tháng
60.0,Quận Đống Đa,khac,11450000000,ban,"11,45 tỷ"
100.0,Quận Hai Bà Trưng,khac,25400000000,ban,"25,4 tỷ"
54.0,Quận Đống Đa,khac,15600000000,ban,"15,6 tỷ"
34.0,Huyện Hoài Đức,khac,5250000000,ban,"5,25 tỷ"
39.0,Quận Nam Từ Liêm,khac,5000000,ban,5 triệu/tháng
46.0,Quận Hà Đông,khac,5600000000,ban,"5,6 tỷ"
58.0,Quận Hà Đông,khac,23000000,ban,23 triệu/tháng
33.0,Quận Long Biên,khac,8300000000,ban,"8,3 tỷ"
55.0,Quận Long Biên,khac,14900000000,ban,"14,9 tỷ"
200.0,Quận Hoàng Mai,khac,50000000,ban,50 triệu/tháng
30.0,Quận Hoàng Mai,khac,13000000,ban,13 triệu/tháng
33.0,Quận Hoàng Mai,khac,6500000000,ban,"6,5 tỷ"
42.0,Quận Hoàng Mai,khac,12500000,ban,"12,5 triệu/tháng"
35.0,Quận Thanh Xuân,khac,25000000,ban,25 triệu/tháng
34.0,Quận Long Biên,khac,14750000000,ban,"14,75 tỷ"
160.0,Quận Hoàng Mai,khac,46000000000,ban,46 tỷ
24.0,Quận Thanh Xuân,khac,6900000000,ban,"6,9 tỷ"
55.0,Quận Long Biên,khac,12600000000,ban,"12,6 tỷ"
40.0,Quận Hai Bà Trưng,khac,15000000,ban,15 triệu/tháng
170.5,Huyện Hoài Đức,khac,1000000000,ban,1 tỷ
33.0,Quận Hai Bà Trưng,khac,11000000,ban,11 triệu/tháng
35.0,Quận Hoàng Mai,khac,9000000,ban,9 triệu/tháng
33.0,Quận Hà Đông,khac,8000000000,ban,8 tỷ
106.0,Quận Long Biên,nha_pho,12200000000,ban,"12,2 tỷ"
45.0,Quận Hai Bà Trưng,khac,8200000000,ban,"8,2 tỷ"
30.0,Quận Long Biên,khac,7000000,ban,7 triệu/tháng
35.0,Quận Long Biên,khac,11800000000,ban,"11,8 tỷ"
50.0,Quận Hà Đông,khac,9800000000,ban,"9,8 tỷ"
38.0,Quận Long Biên,khac,11800000000,ban,"11,8 tỷ"
32.0,Quận Thanh Xuân,khac,10000000,ban,10 triệu/tháng
30.0,Quận Long Biên,khac,6300000000,ban,"6,3 tỷ"
50.0,Quận Long Biên,khac,10500000000,ban,"10,5 tỷ"
50.0,Quận Long Biên,khac,11000000000,ban,11 tỷ
50.0,Quận Nam Từ Liêm,khac,13200000000,ban,"13,2 tỷ"
52.0,Quận Long Biên,khac,14000000000,ban,14 tỷ
45.0,Quận Nam Từ Liêm,khac,13800000000,ban,"13,8 tỷ"
66.0,Quận Bắc Từ Liêm,chung_cu,9800000000,ban,"9,8 tỷ"
210.0,Quận Long Biên,nha_pho,69000000000,ban,69 tỷ
40.0,Quận Hà Đông,khac,7600000000,ban,"7,6 tỷ"
34.0,Quận Hà Đông,khac,3600000000,ban,"3,6 tỷ"
60.0,Quận Long Biên,khac,10000000000,ban,10 tỷ
36.0,Quận Đống Đa,khac,9500000000,ban,"9,5 tỷ"
50.0,Quận Hoàng Mai,khac,11500000000,ban,"11,5 tỷ"
45.0,Quận Hai Bà Trưng,khac,12500000000,ban,"12,5 tỷ"
32.7999,Quận Hai Bà Trưng,khac,7400000000,ban,"7,4 tỷ"
35.0,Quận Long Biên,khac,6000000000,ban,6 tỷ
73.0,Quận Tây Hồ,khac,25900000000,ban,"25,9 tỷ"
62.0,Quận Đống Đa,chung_cu,10800000000,ban,"10,8 tỷ"
26.0,Quận Đống Đa,khac,5150000000,ban,"5,15 tỷ"
55.0,Quận Hai Bà Trưng,khac,9100000000,ban,"9,1 tỷ"
240.0,Quận Thanh Xuân,biet_thu,88000000000,ban,88 tỷ
60.0,Quận Cầu Giấy,khac,15000000,ban,15 triệu/tháng
38.0,Quận Long Biên,nha_pho,6000000000,ban,6 tỷ
150.0,Quận Tây Hồ,khac,150000000000,ban,150 tỷ
588.0,Huyện Chương Mỹ,khac,10584000000,ban,"10,584 tỷ"
49.0,Quận Đống Đa,khac,9300000000,ban,"9,3 tỷ"
40.0,Quận Long Biên,nha_pho,7000000000,ban,7 tỷ
32.0,Huyện Hoài Đức,khac,5900000000,ban,"5,9 tỷ"
50.0,Quận Cầu Giấy,khac,19000000,ban,19 triệu/tháng
65.0,Quận Thanh Xuân,chung_cu,11000000000,ban,11 tỷ
47.0,Quận Cầu Giấy,khac,15000000000,ban,15 tỷ
25.0,Quận Đống Đa,khac,12000000,ban,12 triệu/tháng
50.0,Quận Long Biên,khac,4000000,ban,4 triệu/tháng
60.0,Quận Bắc Từ Liêm,khac,10000000,ban,10 triệu/tháng
40.0,Quận Thanh Xuân,khac,6900000000,ban,"6,9 tỷ"
31.0,Quận Hoàng Mai,khac,6666666666,ban,"6,666 tỷ"
29.0,Quận Đống Đa,khac,5250000000,ban,"5,25 tỷ"
37.0,Quận Thanh Xuân,khac,7000000000,ban,7 tỷ
35.0,Quận Hoàng Mai,khac,8990000000,ban,"8,99 tỷ"
102.0,Quận Cầu Giấy,khac,53500000000,ban,"53,5 tỷ"
25.0,Quận Đống Đa,nha_pho,6200000,ban,"6,2 triệu/tháng"
30.8999,Huyện Thanh Oai,khac,2700000000,ban,"2,7 tỷ"
58.0,Quận Tây Hồ,khac,15300000000,ban,"15,3 tỷ"
44.0,Quận Long Biên,khac,9500000000,ban,"9,5 tỷ"
35.0,Quận Hoàng Mai,khac,10000000,ban,10 triệu/tháng
45.0,Quận Thanh Xuân,khac,8960000000,ban,"8,96 tỷ"
25.0,Quận Hoàng Mai,khac,5500000,ban,"5,5 triệu/tháng"
71.9,Quận Đống Đa,khac,23500000000,ban,"23,5 tỷ"
35.0,Quận Hà Đông,khac,5999999999,ban,"5,999 tỷ"
40.0,Quận Tây Hồ,khac,10000000000,ban,10 tỷ
32.0,Quận Nam Từ Liêm,khac,8395000000,ban,"8,395 tỷ"
38.0,Quận Nam Từ Liêm,khac,8200000000,ban,"8,2 tỷ"
40.0999,Huyện Gia Lâm,khac,6300000000,ban,"6,3 tỷ"
42.0,Quận Đống Đa,khac,7900000000,ban,"7,9 tỷ"
33.7,Quận Hà Đông,khac,6000000000,ban,6 tỷ
46.0,Quận Hai Bà Trưng,nha_pho,9000000000,ban,9 tỷ
110.0,Huyện Hoài Đức,khac,14000000,ban,14 triệu/tháng
45.0,Quận Thanh Xuân,nha_pho,8500000000,ban,"8,5 tỷ"
50.0,Quận Cầu Giấy,khac,20000000,ban,20 triệu/tháng
37.0,Quận Long Biên,khac,7450000000,ban,"7,45 tỷ"
33.0,Quận Đống Đa,khac,8200000000,ban,"8,2 tỷ"
45.0,Quận Cầu Giấy,khac,19000000,ban,19 triệu/tháng
45.0,Quận Thanh Xuân,khac,7800000000,ban,"7,8 tỷ"
32.0,Quận Hai Bà Trưng,khac,2800000000,ban,"2,8 tỷ"
158.0,Quận Hoàng Mai,khac,7000000000,ban,7 tỷ
30.0,Quận Hai Bà Trưng,khac,6300000000,ban,"6,3 tỷ"
44.0,Quận Cầu Giấy,khac,18900000000,ban,"18,9 tỷ"
43.0,Quận Thanh Xuân,khac,7800000000,ban,"7,8 tỷ"
30.0,Quận Hai Bà Trưng,khac,5800000000,ban,"5,8 tỷ"
45.0,Quận Thanh Xuân,khac,17500000000,ban,"17,5 tỷ"
38.0,Quận Nam Từ Liêm,khac,6500000000,ban,"6,5 tỷ"
47.0,Quận Hai Bà Trưng,khac,9900000000,ban,"9,9 tỷ"
360.0,Huyện Đông Anh,dat,13000000000,ban,13 tỷ
20.0,Quận Hoàng Mai,khac,5600000,ban,"5,6 triệu/tháng"
21.0,Quận Hai Bà Trưng,khac,6000000000,ban,6 tỷ
40.0,Quận Ba Đình,khac,14500000,ban,"14,5 triệu/tháng"
35.0,Quận Hoàng Mai,khac,6800000000,ban,"6,8 tỷ"
31.0,Huyện Hoài Đức,khac,3500000000,ban,"3,5 tỷ"
52.0,Quận Hai Bà Trưng,nha_pho,9560000000,ban,"9,56 tỷ"
52.0,Quận Long Biên,khac,7000000000,ban,7 tỷ
50.0,Huyện Gia Lâm,khac,10900000000,ban,"10,9 tỷ"
45.0,Quận Ba Đình,khac,8000000,ban,8 triệu/tháng
62.0,Quận Hai Bà Trưng,khac,14400000000,ban,"14,4 tỷ"
40.0,Quận Tây Hồ,khac,6000000,ban,6 triệu/tháng
35.0,Quận Đống Đa,khac,4000000,ban,4 triệu/tháng
32.0,Quận Thanh Xuân,khac,7000000000,ban,7 tỷ
105.0,Quận Long Biên,khac,11000000000,ban,11 tỷ
33.0,Quận Đống Đa,khac,8000000000,ban,8 tỷ
50.0,Quận Nam Từ Liêm,khac,19000000,ban,19 triệu/tháng
30.0,Quận Long Biên,khac,10000000,ban,10 triệu/tháng
130.0,Quận Hai Bà Trưng,khac,59000000000,ban,59 tỷ
42.0,Quận Đống Đa,khac,14500000,ban,"14,5 triệu/tháng"
35.0,Quận Hai Bà Trưng,khac,10800000000,ban,"10,8 tỷ"
19.0,Quận Đống Đa,nha_pho,3950000000,ban,"3,95 tỷ"
47.0,Quận Hà Đông,khac,12690000000,ban,"12,69 tỷ"
42.0,Quận Cầu Giấy,khac,16500000000,ban,"16,5 tỷ"
35.0,Quận Hai Bà Trưng,nha_pho,8500000000,ban,"8,5 tỷ"
45.0,Quận Nam Từ Liêm,khac,8800000000,ban,"8,8 tỷ"
30.0,Quận Nam Từ Liêm,nha_pho,6800000000,ban,"6,8 tỷ"
32.0,Quận Bắc Từ Liêm,khac,8280000000,ban,"8,28 tỷ"
100.0,Quận Đống Đa,khac,32000000000,ban,32 tỷ
90.0,Quận Đống Đa,khac,7320000000,ban,"7,32 tỷ"
57.0,Quận Hai Bà Trưng,khac,13800000000,ban,"13,8 tỷ"
48.0,Quận Hai Bà Trưng,khac,9890000000,ban,"9,89 tỷ"
40.0,Quận Long Biên,khac,11000000,ban,11 triệu/tháng
135.0,Quận Hoàn Kiếm,khac,438000000000,ban,438 tỷ
54.0,Quận Hà Đông,khac,5900000000,ban,"5,9 tỷ"
35.0,Quận Ba Đình,khac,13500000,ban,"13,5 triệu/tháng"
50.0,Quận Bắc Từ Liêm,khac,7000000000,ban,7 tỷ
30.0,Quận Tây Hồ,khac,7300000000,ban,"7,3 tỷ"
44.5,Quận Cầu Giấy,khac,8250000000,ban,"8,25 tỷ"
25.0,Quận Thanh Xuân,nha_pho,13900000000,ban,"13,9 tỷ"
45.0,Quận Hai Bà Trưng,khac,13900000000,ban,"13,9 tỷ"
34.0,Quận Bắc Từ Liêm,khac,4200000000,ban,"4,2 tỷ"
42.0,Huyện Hoài Đức,khac,4700000000,ban,"4,7 tỷ"
48.0,Quận Đống Đa,khac,15000000,ban,15 triệu/tháng
30.0,Quận Hà Đông,khac,11500000,ban,"11,5 triệu/tháng"
15.0,Quận Đống Đa,nha_pho,3950000000,ban,"3,95 tỷ"
30.0,Quận Thanh Xuân,khac,3500000000,ban,"3,5 tỷ"
71.0,Quận Nam Từ Liêm,khac,19000000000,ban,19 tỷ
40.0,Quận Long Biên,khac,12300000000,ban,"12,3 tỷ"
32.0,Quận Thanh Xuân,khac,8150000000,ban,"8,15 tỷ"
32.0,Quận Hai Bà Trưng,khac,6900000000,ban,"6,9 tỷ"
120.0,Quận Tây Hồ,khac,17000000,ban,17 triệu/tháng
38.0,Quận Hoàng Mai,khac,8550000000,ban,"8,55 tỷ"
35.0,Huyện Thanh Trì,khac,8400000000,ban,"8,4 tỷ"
30.0,Quận Hai Bà Trưng,khac,6700000000,ban,"6,7 tỷ"
40.0,Quận Hoàng Mai,khac,8600000000,ban,"8,6 tỷ"
38.0,Huyện Hoài Đức,khac,10000000,ban,10 triệu/tháng
32.0,Quận Hoàng Mai,khac,11000000,ban,11 triệu/tháng
100.0,Quận Cầu Giấy,khac,31000000,ban,31 triệu/tháng
20.0,Quận Thanh Xuân,khac,9850000000,ban,"9,85 tỷ"
30.0,Quận Hai Bà Trưng,khac,6150000000,ban,"6,15 tỷ"
30.0,Quận Hà Đông,khac,4200000000,ban,"4,2 tỷ"
35.0,Quận Hà Đông,khac,7000000000,ban,7 tỷ
26.0,Quận Hai Bà Trưng,khac,6500000000,ban,"6,5 tỷ"
22.0,Quận Hai Bà Trưng,khac,6380000000,ban,"6,38 tỷ"
30.5,Quận Hà Đông,khac,6500000000,ban,"6,5 tỷ"
31.0,Quận Hà Đông,khac,7000000000,ban,7 tỷ
65.0,Quận Long Biên,khac,8800000000,ban,"8,8 tỷ"
38.0,Quận Long Biên,khac,6600000000,ban,"6,6 tỷ"
60.0,Quận Hai Bà Trưng,khac,29000000000,ban,29 tỷ
48.0,Quận Đống Đa,khac,15300000000,ban,"15,3 tỷ"
40.0,Quận Hoàng Mai,khac,11500000,ban,"11,5 triệu/tháng"
195.0,Quận Bắc Từ Liêm,biet_thu,55000000000,ban,55 tỷ
65.0,Quận Thanh Xuân,khac,16000000,ban,16 triệu/tháng
40.0,Quận Hoàng Mai,khac,2500000,ban,"2,5 triệu/tháng"
15.0,Quận Hai Bà Trưng,nha_pho,2300000000,ban,"2,3 tỷ"
35.0,Quận Long Biên,khac,10000000,ban,10 triệu/tháng
42.0,Quận Ba Đình,khac,8600000000,ban,"8,6 tỷ"
132.1999,Quận Thanh Xuân,khac,59490000000,ban,"59,49 tỷ"
21.0,Quận Đống Đa,nha_pho,4750000000,ban,"4,75 tỷ"
39.0,Quận Thanh Xuân,khac,8500000000,ban,"8,5 tỷ"
25.0,Quận Ba Đình,khac,6200000000,ban,"6,2 tỷ"
30.0,Quận Hà Đông,khac,3750000000,ban,"3,75 tỷ"
38.0,Quận Hà Đông,khac,11000000,ban,11 triệu/tháng
75.0,Quận Ba Đình,khac,20000000,ban,20 triệu/tháng
40.0,Quận Ba Đình,khac,15000000000,ban,15 tỷ
50.0,Quận Long Biên,khac,4000000,ban,4 triệu/tháng
102.0,Quận Cầu Giấy,nha_pho,53450000000,ban,"53,45 tỷ"
46.0,Quận Cầu Giấy,khac,19000000,ban,19 triệu/tháng
35.0,Quận Hoàng Mai,khac,5500000000,ban,"5,5 tỷ"
20.0,Quận Hai Bà Trưng,nha_pho,2950000000,ban,"2,95 tỷ"
38.0,Quận Đống Đa,nha_pho,8000000000,ban,8 tỷ
32.0,Quận Bắc Từ Liêm,khac,5500000000,ban,"5,5 tỷ"
31.0,Quận Hoàng Mai,khac,6500000000,ban,"6,5 tỷ"
24.0,Quận Hai Bà Trưng,nha_pho,2980000000,ban,"2,98 tỷ"
45.0,Quận Hai Bà Trưng,nha_pho,9300000000,ban,"9,3 tỷ"
36.0,Quận Hoàng Mai,khac,11900000,ban,"11,9 triệu/tháng"
33.0,Quận Đống Đa,khac,10505000000,ban,"10,505 tỷ"
44.0,Quận Hai Bà Trưng,khac,9200000000,ban,"9,2 tỷ"
50.0,Quận Hai Bà Trưng,khac,7800000000,ban,"7,8 tỷ"
28.0,Quận Hai Bà Trưng,khac,5900000000,ban,"5,9 tỷ"
42.0,Quận Thanh Xuân,khac,2650000000,ban,"2,65 tỷ"
42.0,Quận Hoàng Mai,khac,2000000000,ban,2 tỷ
310.0,Quận Cầu Giấy,nha_pho,24000000,ban,24 triệu/tháng
25.0,Quận Đống Đa,khac,4700000000,ban,"4,7 tỷ"
60.0,Huyện Thanh Trì,khac,1250000000,ban,"1,25 tỷ"
40.0,Quận Đống Đa,khac,8500000000,ban,"8,5 tỷ"
42.0,Quận Nam Từ Liêm,khac,13500000000,ban,"13,5 tỷ"
26.0,Quận Đống Đa,khac,6500000000,ban,"6,5 tỷ"
36.0,Quận Đống Đa,khac,7050000000,ban,"7,05 tỷ"
40.0,Quận Đống Đa,khac,8000000000,ban,8 tỷ
32.0,Quận Đống Đa,khac,9100000000,ban,"9,1 tỷ"
35.0,Quận Bắc Từ Liêm,khac,8500000,ban,"8,5 triệu/tháng"
100.0,Quận Hoàng Mai,nha_pho,13000000,ban,13 triệu/tháng
21.0,Quận Đống Đa,khac,4990000000,ban,"4,99 tỷ"
35.0,Quận Hoàng Mai,khac,6850000000,ban,"6,85 tỷ"
27.0,Quận Hai Bà Trưng,khac,5850000000,ban,"5,85 tỷ"
38.0,Quận Cầu Giấy,khac,9500000000,ban,"9,5 tỷ"
100.0,Quận Đống Đa,khac,16000000,ban,16 triệu/tháng
50.0,Quận Cầu Giấy,khac,12800000000,ban,"12,8 tỷ"
48.0,Quận Cầu Giấy,khac,13000000000,ban,13 tỷ
60.0,Quận Đống Đa,nha_pho,25700000000,ban,"25,7 tỷ"
15.0,Quận Hai Bà Trưng,khac,4300000000,ban,"4,3 tỷ"
165.0,Quận Tây Hồ,khac,55000000,ban,55 triệu/tháng
45.0,Huyện Hoài Đức,khac,12000000,ban,12 triệu/tháng
40.0,Quận Tây Hồ,khac,5100000000,ban,"5,1 tỷ"
69.0,Quận Cầu Giấy,khac,18200000000,ban,"18,2 tỷ"
50.0,Quận Hoàn Kiếm,nha_pho,80000000000,ban,80 tỷ
56.0,Quận Long Biên,khac,10200000000,ban,"10,2 tỷ"
35.0,Quận Hoàng Mai,khac,9000000,ban,9 triệu/tháng
35.0,Quận Hà Đông,khac,3650000000,ban,"3,65 tỷ"
40.0,Quận Hà Đông,khac,3300000000,ban,"3,3 tỷ"
30.0,Quận Hoàn Kiếm,khac,12900000,ban,"12,9 triệu/tháng"
44.0,Quận Hoàng Mai,khac,12950000000,ban,"12,95 tỷ"
45.0,Quận Hoàng Mai,nha_pho,16000000000,ban,16 tỷ
32.7999,Quận Long Biên,khac,9800000000,ban,"9,8 tỷ"
114.0,Quận Đống Đa,khac,115000000000,ban,115 tỷ
27.0,Quận Long Biên,nha_pho,6000000000,ban,6 tỷ
20.0,Quận Ba Đình,khac,8500000,ban,"8,5 triệu/tháng"
62.0,Quận Hoàng Mai,khac,2500000000,ban,"2,5 tỷ"
30.0,Quận Tây Hồ,khac,22000000,ban,22 triệu/tháng
35.0,Huyện Hoài Đức,khac,4800000000,ban,"4,8 tỷ"
32.0,Quận Nam Từ Liêm,khac,8550000000,ban,"8,55 tỷ"
30.0,Quận Đống Đa,khac,8000000000,ban,8 tỷ
75.0,Quận Cầu Giấy,khac,8500000,ban,"8,5 triệu/tháng"
23.0,Quận Đống Đa,nha_pho,5990000000,ban,"5,99 tỷ"
30.0,Quận Bắc Từ Liêm,khac,7000000000,ban,7 tỷ
32.0,Quận Thanh Xuân,khac,8750000000,ban,"8,75 tỷ"
18.0,Quận Đống Đa,khac,4320000000,ban,"4,32 tỷ"
40.0,Quận Hoàng Mai,khac,8900000000,ban,"8,9 tỷ"
35.0,Quận Hai Bà Trưng,khac,6800000000,ban,"6,8 tỷ"
50.0,Quận Đống Đa,khac,12800000000,ban,"12,8 tỷ"
50.0,Quận Nam Từ Liêm,khac,4000000,ban,4 triệu/tháng
33.0,Quận Hoàng Mai,khac,6500000000,ban,"6,5 tỷ"
40.0,Huyện Thanh Trì,khac,1000000000,ban,1 tỷ
50.0,Quận Hoàn Kiếm,nha_pho,7500000,ban,"7,5 triệu/tháng"
50.0,Quận Hoàn Kiếm,khac,50000000,ban,50 triệu/tháng
50.0,Quận Hà Đông,khac,25000000,ban,25 triệu/tháng
45.9,Quận Long Biên,khac,3300000000,ban,"3,3 tỷ"
78.0,Quận Cầu Giấy,chung_cu,19500000000,ban,"19,5 tỷ"
55.0,Quận Thanh Xuân,khac,15000000000,ban,15 tỷ
45.0,Quận Đống Đa,khac,9900000000,ban,"9,9 tỷ"
25.0,Quận Hai Bà Trưng,khac,5650000000,ban,"5,65 tỷ"
43.0,Quận Bắc Từ Liêm,khac,7200000000,ban,"7,2 tỷ"
40.0,Huyện Thanh Trì,khac,6000000000,ban,6 tỷ
30.0,Quận Hoàng Mai,khac,6500000000,ban,"6,5 tỷ"
32.0,Quận Hoàng Mai,khac,10500000000,ban,"10,5 tỷ"
30.0,Quận Hoàng Mai,khac,7600000000,ban,"7,6 tỷ"
32.0,Quận Thanh Xuân,khac,8970000000,ban,"8,97 tỷ"
28.3999,Quận Cầu Giấy,khac,10500000000,ban,"10,5 tỷ"
18.25,Quận Hai Bà Trưng,khac,1650000000,ban,"1,65 tỷ"
40.0,Quận Long Biên,khac,10000000,ban,10 triệu/tháng
36.0,Quận Thanh Xuân,khac,7000000000,ban,7 tỷ
150.0,Huyện Sóc Sơn,khac,400000,ban,400000 đ/tháng
400.0,Quận Tây Hồ,biet_thu,150000000,ban,150 triệu/tháng
54.0,Quận Đống Đa,khac,12300000000,ban,"12,3 tỷ"
33.0,Quận Hà Đông,khac,7150000000,ban,"7,15 tỷ"
40.0,Quận Bắc Từ Liêm,khac,7790790000,ban,"7,79 tỷ"
45.0,Quận Hà Đông,khac,6500000000,ban,"6,5 tỷ"
45.5999,Quận Tây Hồ,khac,8300000000,ban,"8,3 tỷ"
311.0,Quận Thanh Xuân,khac,53000000000,ban,53 tỷ
75.0,Quận Tây Hồ,khac,6000000,ban,6 triệu/tháng
65.0,Quận Tây Hồ,khac,2250000000,ban,"2,25 tỷ"
52.0,Quận Hoàn Kiếm,khac,3700000000,ban,"3,7 tỷ"
58.0,Quận Long Biên,khac,19500000000,ban,"19,5 tỷ"
41.0,Quận Đống Đa,khac,7750000000,ban,"7,75 tỷ"
55.0,Quận Hoàng Mai,khac,10600000000,ban,"10,6 tỷ"
70.0,Quận Hai Bà Trưng,khac,6800000000,ban,"6,8 tỷ"
175.0,Quận Long Biên,khac,52500000000,ban,"52,5 tỷ"
40.0,Quận Đống Đa,khac,8000000,ban,8 triệu/tháng
40.0,Quận Cầu Giấy,khac,18000000,ban,18 triệu/tháng
62.0,Quận Cầu Giấy,khac,26800000000,ban,"26,8 tỷ"
57.0,Quận Long Biên,khac,16900000000,ban,"16,9 tỷ"
30.0,Quận Thanh Xuân,khac,8000000,ban,8 triệu/tháng
35.0,Quận Tây Hồ,khac,7500000000,ban,"7,5 tỷ"
93.0,Quận Ba Đình,khac,36000000000,ban,36 tỷ
380.0,Quận Hoàn Kiếm,khac,330000000000,ban,330 tỷ
30.0,Quận Bắc Từ Liêm,khac,7200000000,ban,"7,2 tỷ"
110.0,Huyện Thanh Trì,khac,1000000000,ban,1 tỷ
70.0,Quận Thanh Xuân,nha_pho,45000000000,ban,45 tỷ
78.0,Quận Hà Đông,khac,9200000000,ban,"9,2 tỷ"
30.0,Quận Hai Bà Trưng,khac,9000000,ban,9 triệu/tháng
30.0,Quận Bắc Từ Liêm,nha_pho,7850000000,ban,"7,85 tỷ"
44.0,Quận Long Biên,khac,13900000000,ban,"13,9 tỷ"
30.0,Quận Đống Đa,khac,8900000000,ban,"8,9 tỷ"
20.0,Quận Đống Đa,khac,4390000000,ban,"4,39 tỷ"
40.0,Quận Hoàng Mai,khac,5000000,ban,5 triệu/tháng
45.0,Quận Hai Bà Trưng,nha_pho,9700000000,ban,"9,7 tỷ"
38.0,Quận Thanh Xuân,khac,7100000000,ban,"7,1 tỷ"
40.0,Quận Hà Đông,khac,5960000000,ban,"5,96 tỷ"
40.0,Quận Nam Từ Liêm,khac,5850000000,ban,"5,85 tỷ"
32.0,Quận Tây Hồ,khac,3200000,ban,"3,2 triệu/tháng"
75.0,Quận Đống Đa,nha_pho,79000000,ban,79 triệu/tháng
49.0,Quận Đống Đa,khac,10800000000,ban,"10,8 tỷ"
19.0,Quận Ba Đình,khac,6220000000,ban,"6,22 tỷ"
88.0,Quận Thanh Xuân,khac,23000000000,ban,23 tỷ
40.0,Huyện Hoài Đức,khac,7500000000,ban,"7,5 tỷ"
52.0,Quận Hai Bà Trưng,khac,9900000000,ban,"9,9 tỷ"
35.0,Quận Long Biên,khac,6200000000,ban,"6,2 tỷ"
30.0,Quận Hai Bà Trưng,khac,5800000000,ban,"5,8 tỷ"
35.0,Quận Nam Từ Liêm,khac,6500000000,ban,"6,5 tỷ"
38.0,Quận Nam Từ Liêm,khac,5950000000,ban,"5,95 tỷ"
30.0,Quận Hoàng Mai,khac,8880000000,ban,"8,88 tỷ"
60.0,Quận Thanh Xuân,khac,9000000,ban,9 triệu/tháng
55.0,Quận Hoàn Kiếm,nha_pho,4500000000,ban,"4,5 tỷ"
40.0,Quận Hai Bà Trưng,khac,6900000000,ban,"6,9 tỷ"
50.5,Huyện Thanh Oai,khac,5900000000,ban,"5,9 tỷ"
210.0,Quận Hoàng Mai,biet_thu,66000000000,ban,66 tỷ
30.0,Quận Bắc Từ Liêm,khac,2700000,ban,"2,7 triệu/tháng"
34.0,Quận Hà Đông,khac,6600000000,ban,"6,6 tỷ"
30.0,Quận Hoàng Mai,khac,1250000000,ban,"1,25 tỷ"
47.0,Quận Long Biên,khac,9000000000,ban,9 tỷ
30.0,Quận Đống Đa,khac,13800000000,ban,"13,8 tỷ"
28.0,Huyện Đông Anh,khac,500000000,ban,500 triệu
32.0,Quận Đống Đa,nha_pho,8900000000,ban,"8,9 tỷ"
65.0,Quận Đống Đa,nha_pho,55000000,ban,55 triệu/tháng
55.0,Quận Hà Đông,khac,15000000,ban,15 triệu/tháng
32.0,Quận Hoàng Mai,khac,13000000,ban,13 triệu/tháng
30.0,Quận Thanh Xuân,khac,8000000000,ban,8 tỷ
70.0,Quận Cầu Giấy,chung_cu,22900000000,ban,"22,9 tỷ"
25.0,Quận Đống Đa,khac,5700000000,ban,"5,7 tỷ"
60.0,Quận Tây Hồ,khac,14000000000,ban,14 tỷ
28.0,Quận Đống Đa,khac,4780000000,ban,"4,78 tỷ"
64.0,Quận Đống Đa,khac,10600000000,ban,"10,6 tỷ"
38.0,Quận Thanh Xuân,khac,8900000000,ban,"8,9 tỷ"
33.0,Quận Hoàng Mai,khac,7550000000,ban,"7,55 tỷ"
43.0,Quận Hà Đông,khac,7500000000,ban,"7,5 tỷ"
38.0,Quận Thanh Xuân,khac,6680000000,ban,"6,68 tỷ"
48.0,Quận Hai Bà Trưng,khac,13900000000,ban,"13,9 tỷ"
35.0,Quận Thanh Xuân,khac,7800000000,ban,"7,8 tỷ"
84.0,Quận Long Biên,khac,13600000000,ban,"13,6 tỷ"
60.0,Quận Cầu Giấy,khac,15000000000,ban,15 tỷ
38.0,Huyện Thanh Trì,khac,4500000000,ban,"4,5 tỷ"
40.0,Quận Thanh Xuân,khac,9350000000,ban,"9,35 tỷ"
65.0,Quận Hoàng Mai,khac,18500000000,ban,"18,5 tỷ"
40.0,Quận Nam Từ Liêm,khac,8000000,ban,8 triệu/tháng
46.0,Quận Ba Đình,khac,26500000000,ban,"26,5 tỷ"
45.0,Quận Nam Từ Liêm,khac,13000000,ban,13 triệu/tháng
30.0,Quận Đống Đa,khac,9150000000,ban,"9,15 tỷ"
57.0,Quận Ba Đình,khac,21400000000,ban,"21,4 tỷ"
48.0,Quận Hà Đông,khac,5500000000,ban,"5,5 tỷ"
36.0,Huyện Thanh Trì,khac,5000000000,ban,5 tỷ
28.0,Quận Đống Đa,khac,6350000000,ban,"6,35 tỷ"
50.0,Quận Hoàng Mai,khac,5000000,ban,5 triệu/tháng
33.0,Quận Hai Bà Trưng,khac,8500000000,ban,"8,5 tỷ"
25.0,Quận Hai Bà Trưng,khac,6300000000,ban,"6,3 tỷ"
30.0,Quận Ba Đình,khac,3000000,ban,3 triệu/tháng
40.0,Quận Hoàng Mai,khac,3400000000,ban,"3,4 tỷ"
33.0,Quận Hai Bà Trưng,khac,6200000000,ban,"6,2 tỷ"
20.0,Quận Hai Bà Trưng,khac,6500000,ban,"6,5 triệu/tháng"
92.0,Quận Long Biên,khac,13000000000,ban,13 tỷ
35.5998,Huyện Hoài Đức,dat,6000000000,ban,6 tỷ
60.0,Quận Đống Đa,khac,14800000000,ban,"14,8 tỷ"
80.0,Quận Tây Hồ,khac,26600000000,ban,"26,6 tỷ"
55.0,Quận Ba Đình,khac,23900000000,ban,"23,9 tỷ"
34.0,Quận Hoàng Mai,khac,9580000000,ban,"9,58 tỷ"
35.0,Quận Hai Bà Trưng,khac,7900000000,ban,"7,9 tỷ"
60.0,Quận Bắc Từ Liêm,khac,25700000000,ban,"25,7 tỷ"
50.0,Huyện Thanh Trì,khac,5100000000,ban,"5,1 tỷ"
20.0,Quận Đống Đa,khac,4700000000,ban,"4,7 tỷ"
438.0,Quận Long Biên,biet_thu,262800000000,ban,"262,8 tỷ"
35.0,Quận Hà Đông,khac,4450000000,ban,"4,45 tỷ"
34.0,Quận Hai Bà Trưng,khac,9900000000,ban,"9,9 tỷ"
30.0,Quận Hoàng Mai,khac,18000000000,ban,18 tỷ
40.0,Quận Cầu Giấy,khac,8900000000,ban,"8,9 tỷ"
225.0,Quận Nam Từ Liêm,biet_thu,89500000000,ban,"89,5 tỷ"
60.0,Quận Hoàng Mai,khac,23000000000,ban,23 tỷ
100.0,Quận Thanh Xuân,biet_thu,55500000000,ban,"55,5 tỷ"
25.0,Quận Ba Đình,khac,7000000,ban,7 triệu/tháng
150.0,Quận Nam Từ Liêm,khac,38897000000,ban,"38,897 tỷ"
49.0,Quận Hà Đông,khac,18865000000,ban,"18,865 tỷ"
40.0,Quận Tây Hồ,khac,15000000,ban,15 triệu/tháng
75.0,Quận Hoàng Mai,khac,20000000,ban,20 triệu/tháng
61.0,Quận Tây Hồ,khac,23500000000,ban,"23,5 tỷ"
40.0,Quận Đống Đa,khac,13000000,ban,13 triệu/tháng
40.0,Quận Hà Đông,khac,12000000000,ban,12 tỷ
24.0,Quận Ba Đình,khac,6900000000,ban,"6,9 tỷ"
25.0,Quận Hoàng Mai,khac,8500000,ban,"8,5 triệu/tháng"
35.0,Quận Long Biên,khac,8000000000,ban,8 tỷ
30.0,Quận Thanh Xuân,khac,7800000000,ban,"7,8 tỷ"
52.0,Quận Hai Bà Trưng,khac,11200000000,ban,"11,2 tỷ"
33.0,Quận Long Biên,khac,6000000000,ban,6 tỷ
200.0,Quận Hà Đông,khac,18000000,ban,18 triệu/tháng
45.0,Quận Hà Đông,khac,10000000,ban,10 triệu/tháng
36.0,Quận Hà Đông,khac,6200000000,ban,"6,2 tỷ"
50.0,Quận Hai Bà Trưng,khac,10800000000,ban,"10,8 tỷ"
65.0,Quận Bắc Từ Liêm,khac,19000000000,ban,19 tỷ
30.0,Huyện Thanh Oai,khac,2700000000,ban,"2,7 tỷ"
84.0,Quận Nam Từ Liêm,khac,32950000000,ban,"32,95 tỷ"
45.0,Quận Hai Bà Trưng,khac,10200000000,ban,"10,2 tỷ"
38.0,Quận Hoàng Mai,khac,6800000000,ban,"6,8 tỷ"
45.0,Quận Hai Bà Trưng,khac,12500000000,ban,"12,5 tỷ"
83.0,Huyện Hoài Đức,khac,13200000000,ban,"13,2 tỷ"
60.0,Quận Long Biên,khac,7000000,ban,7 triệu/tháng
30.0,Quận Hà Đông,khac,6650000000,ban,"6,65 tỷ"
31.0,Quận Long Biên,khac,7650000000,ban,"7,65 tỷ"
44.0,Huyện Đông Anh,khac,3500000000,ban,"3,5 tỷ"
24.0,Quận Hoàng Mai,khac,6800000000,ban,"6,8 tỷ"
72.0,Quận Thanh Xuân,nha_pho,29500000000,ban,"29,5 tỷ"
38.0,Quận Hai Bà Trưng,khac,7000000000,ban,7 tỷ
51.0,Quận Tây Hồ,khac,11800000000,ban,"11,8 tỷ"
50.0,Quận Đống Đa,khac,36500000000,ban,"36,5 tỷ"
72.0,Quận Bắc Từ Liêm,chung_cu,3650000000,ban,"3,65 tỷ"
33.0,Quận Hoàng Mai,khac,4550000000,ban,"4,55 tỷ"
17.0,Quận Đống Đa,khac,3000000000,ban,3 tỷ
72.0,Quận Tây Hồ,khac,12300000000,ban,"12,3 tỷ"
45.0,Quận Hai Bà Trưng,khac,10000000000,ban,10 tỷ
130.0,Quận Thanh Xuân,khac,114500000000,ban,"114,5 tỷ"
55.0,Quận Hai Bà Trưng,khac,11300000000,ban,"11,3 tỷ"
31.0,Quận Hoàng Mai,khac,12000000,ban,12 triệu/tháng
22.0,Quận Đống Đa,khac,5950000000,ban,"5,95 tỷ"
25.0,Quận Tây Hồ,khac,7900000000,ban,"7,9 tỷ"
28.0,Quận Hoàng Mai,khac,6450000000,ban,"6,45 tỷ"
35.0,Quận Hoàng Mai,khac,9000000000,ban,9 tỷ
35.0,Quận Hoàng Mai,khac,8990000000,ban,"8,99 tỷ"
40.0,Quận Thanh Xuân,khac,6800000000,ban,"6,8 tỷ"
45.0,Quận Ba Đình,nha_pho,9800000000,ban,"9,8 tỷ"
30.0,Quận Hoàn Kiếm,khac,15000000000,ban,15 tỷ
40.0999,Quận Đống Đa,khac,40000000000,ban,40 tỷ
84.0,Quận Thanh Xuân,khac,47000000000,ban,47 tỷ
17.0,Quận Hai Bà Trưng,khac,4500000000,ban,"4,5 tỷ"
42.0,Quận Đống Đa,khac,7950000000,ban,"7,95 tỷ"
28.0,Quận Đống Đa,khac,4890000000,ban,"4,89 tỷ"
16.0,Quận Tây Hồ,chung_cu,2650000000,ban,"2,65 tỷ"
38.0,Quận Hoàng Mai,khac,8600000000,ban,"8,6 tỷ"
43.0,Quận Ba Đình,khac,16450000000,ban,"16,45 tỷ"
24.0,Quận Hoàng Mai,khac,2100000000,ban,"2,1 tỷ"
70.0,Quận Đống Đa,khac,23000000,ban,23 triệu/tháng
120.0,Quận Hai Bà Trưng,khac,59790000000,ban,"59,79 tỷ"
43.0,Quận Thanh Xuân,khac,7800000000,ban,"7,8 tỷ"
26.0,Quận Đống Đa,nha_pho,6890000000,ban,"6,89 tỷ"
42.0,Quận Thanh Xuân,nha_pho,7900000000,ban,"7,9 tỷ"
83.0,Quận Long Biên,khac,17000000000,ban,17 tỷ
15.0,Quận Đống Đa,khac,3450000000,ban,"3,45 tỷ"
45.0,Quận Đống Đa,nha_pho,8000000000,ban,8 tỷ
50.0,Quận Hai Bà Trưng,khac,9300000000,ban,"9,3 tỷ"
43.0,Quận Hoàng Mai,khac,7300000000,ban,"7,3 tỷ"
55.0,Quận Long Biên,khac,8600000000,ban,"8,6 tỷ"
15.0,Quận Hoàng Mai,khac,2600000,ban,"2,6 triệu/tháng"
40.0,Quận Hoàng Mai,khac,2450000000,ban,"2,45 tỷ"
47.0,Quận Hai Bà Trưng,nha_pho,14600000000,ban,"14,6 tỷ"
52.0,Quận Bắc Từ Liêm,khac,11250000000,ban,"11,25 tỷ"
39.0,Quận Hoàng Mai,khac,6800000000,ban,"6,8 tỷ"
50.0,Quận Hai Bà Trưng,chung_cu,12900000000,ban,"12,9 tỷ"
99.0,Quận Đống Đa,khac,36000000000,ban,36 tỷ
22.0,Quận Đống Đa,khac,4000000000,ban,4 tỷ
48.0,Quận Hà Đông,khac,7350000000,ban,"7,35 tỷ"
70.0,Quận Thanh Xuân,khac,29000000000,ban,29 tỷ
58.0,Quận Hai Bà Trưng,nha_pho,14900000000,ban,"14,9 tỷ"
50.0,Quận Thanh Xuân,khac,10900000000,ban,"10,9 tỷ"
30.0,Quận Thanh Xuân,khac,6600000000,ban,"6,6 tỷ"
61.0,Quận Tây Hồ,khac,16800000000,ban,"16,8 tỷ"
21.0,Quận Hai Bà Trưng,khac,5800000000,ban,"5,8 tỷ"
45.0,Quận Hai Bà Trưng,khac,7500000000,ban,"7,5 tỷ"
32.0,Huyện Hoài Đức,khac,5800000000,ban,"5,8 tỷ"
50.0,Quận Ba Đình,khac,7000000,ban,7 triệu/tháng
50.0,Quận Hai Bà Trưng,khac,43000000000,ban,43 tỷ
45.0,Quận Thanh Xuân,khac,7000000000,ban,7 tỷ
18.0,Quận Đống Đa,khac,3800000000,ban,"3,8 tỷ"
52.0,Quận Ba Đình,khac,5555555555,ban,"5,555 tỷ"
25.0,Quận Tây Hồ,khac,11000000000,ban,11 tỷ
15.0,Quận Hai Bà Trưng,khac,3400000000,ban,"3,4 tỷ"
72.0,Quận Tây Hồ,khac,4500000000,ban,"4,5 tỷ"
80.0,Quận Hai Bà Trưng,khac,27000000000,ban,27 tỷ
45.0,Quận Đống Đa,khac,26000000,ban,26 triệu/tháng
60.0,Huyện Đan Phượng,khac,4970000000,ban,"4,97 tỷ"
202.0,Quận Hoàn Kiếm,nha_pho,260000000000,ban,260 tỷ
45.0,Quận Ba Đình,khac,3000000,ban,3 triệu/tháng
90.0,Quận Hoàng Mai,khac,8500000000,ban,"8,5 tỷ"
36.0,Quận Hai Bà Trưng,khac,6400000000,ban,"6,4 tỷ"
35.0,Quận Hoàng Mai,nha_pho,6900000000,ban,"6,9 tỷ"
45.0,Quận Hà Đông,khac,15500000000,ban,"15,5 tỷ"
40.0,Quận Hoàng Mai,khac,5000000,ban,5 triệu/tháng
38.0,Quận Thanh Xuân,khac,8400000000,ban,"8,4 tỷ"
28.0,Quận Hoàng Mai,khac,5000000000,ban,5 tỷ
62.0,Huyện Sóc Sơn,khac,9500000000,ban,"9,5 tỷ"
38.0,Huyện Thanh Trì,khac,5800000000,ban,"5,8 tỷ"
30.0,Quận Hoàng Mai,nha_pho,9600000000,ban,"9,6 tỷ"
16.0,Quận Ba Đình,khac,3599000000,ban,"3,599 tỷ"
41.0,Quận Thanh Xuân,khac,7700000000,ban,"7,7 tỷ"
65.0,Quận Long Biên,khac,16000000,ban,16 triệu/tháng
50.0,Quận Hai Bà Trưng,khac,5700000000,ban,"5,7 tỷ"
35.0,Quận Nam Từ Liêm,khac,6200000000,ban,"6,2 tỷ"
39.0,Quận Hà Đông,khac,6950000000,ban,"6,95 tỷ"
35.0,Quận Ba Đình,khac,7600000000,ban,"7,6 tỷ"
100.0,Quận Long Biên,nha_pho,25500000000,ban,"25,5 tỷ"
70.0,Quận Hai Bà Trưng,nha_pho,14900000000,ban,"14,9 tỷ"
68.0,Quận Thanh Xuân,khac,7500000,ban,"7,5 triệu/tháng"
42.0,Quận Thanh Xuân,khac,7700000000,ban,"7,7 tỷ"
20.0,Quận Thanh Xuân,khac,7000000,ban,7 triệu/tháng
43.0,Quận Thanh Xuân,khac,7900000000,ban,"7,9 tỷ"
50.0,Huyện Thanh Trì,khac,6400000000,ban,"6,4 tỷ"
40.0,Quận Thanh Xuân,khac,8995000000,ban,"8,995 tỷ"
30.0,Quận Thanh Xuân,khac,6000000000,ban,6 tỷ
42.0,Quận Thanh Xuân,khac,9000000000,ban,9 tỷ
46.0,Quận Thanh Xuân,khac,7900000000,ban,"7,9 tỷ"
31.0,Quận Hoàng Mai,khac,6678910000,ban,"6,678 tỷ"
25.0,Quận Đống Đa,khac,8000000,ban,8 triệu/tháng
30.0,Quận Đống Đa,khac,10000000,ban,10 triệu/tháng
118.0,Quận Long Biên,khac,36800000000,ban,"36,8 tỷ"
90.0,Quận Long Biên,nha_pho,36500000000,ban,"36,5 tỷ"
60.0,Quận Long Biên,khac,18600000000,ban,"18,6 tỷ"
36.0,Quận Hà Đông,khac,4790000000,ban,"4,79 tỷ"
25.0,Quận Ba Đình,khac,8000000,ban,8 triệu/tháng
40.0,Quận Nam Từ Liêm,khac,11000000,ban,11 triệu/tháng
75.0,Quận Cầu Giấy,khac,48500000000,ban,"48,5 tỷ"
39.0,Huyện Thanh Trì,khac,6600000000,ban,"6,6 tỷ"
33.0,Quận Ba Đình,khac,11790000000,ban,"11,79 tỷ"
55.0,Quận Đống Đa,khac,14000000000,ban,14 tỷ
50.0,Quận Hai Bà Trưng,khac,7800000000,ban,"7,8 tỷ"
72.0,Quận Long Biên,khac,11800000000,ban,"11,8 tỷ"
32.7999,Quận Hai Bà Trưng,khac,7500000000,ban,"7,5 tỷ"
100.0,Quận Đống Đa,khac,24000000,ban,24 triệu/tháng
35.0,Quận Hai Bà Trưng,khac,6650000000,ban,"6,65 tỷ"
100.0,Quận Đống Đa,khac,24000000,ban,24 triệu/tháng
60.0,Quận Long Biên,khac,22000000000,ban,22 tỷ
64.0,Quận Thanh Xuân,khac,20500000000,ban,"20,5 tỷ"
62.0,Quận Hoàng Mai,khac,9800000000,ban,"9,8 tỷ"
46.0,Quận Long Biên,khac,11800000000,ban,"11,8 tỷ"
40.0,Quận Hoàng Mai,khac,8800000000,ban,"8,8 tỷ"
40.0,Quận Hoàng Mai,khac,6500000000,ban,"6,5 tỷ"
37.0,Quận Hà Đông,khac,5850000000,ban,"5,85 tỷ"
51.0,Quận Long Biên,khac,10000000000,ban,10 tỷ
40.0,Huyện Quốc Oai,khac,4680000000,ban,"4,68 tỷ"
53.0,Quận Hoàng Mai,khac,13500000000,ban,"13,5 tỷ"
40.0,Quận Hai Bà Trưng,khac,2150000000,ban,"2,15 tỷ"
20.0,Quận Đống Đa,khac,3900000000,ban,"3,9 tỷ"
27.0,Quận Đống Đa,khac,5350000000,ban,"5,35 tỷ"
45.0,Huyện Đông Anh,khac,3200000000,ban,"3,2 tỷ"
45.0,Quận Hai Bà Trưng,khac,4350000000,ban,"4,35 tỷ"
194.0,Quận Hoàng Mai,dat,26800000000,ban,"26,8 tỷ"
50.0,Quận Hoàng Mai,khac,19500000000,ban,"19,5 tỷ"
23.0,Quận Thanh Xuân,khac,7850000000,ban,"7,85 tỷ"
33.0,Quận Hai Bà Trưng,nha_pho,5550000000,ban,"5,55 tỷ"
35.0,Quận Long Biên,khac,8900000000,ban,"8,9 tỷ"
30.0,Quận Hoàng Mai,khac,6880000000,ban,"6,88 tỷ"
22.0,Quận Đống Đa,khac,4850000000,ban,"4,85 tỷ"
62.0,Quận Cầu Giấy,khac,32500000000,ban,"32,5 tỷ"
36.0,Quận Thanh Xuân,khac,7500000000,ban,"7,5 tỷ"
41.0,Quận Hà Đông,khac,4050000000,ban,"4,05 tỷ"
41.0,Quận Hà Đông,khac,3500000000,ban,"3,5 tỷ"
33.0,Quận Hà Đông,khac,3050000000,ban,"3,05 tỷ"
30.0,Quận Thanh Xuân,nha_pho,8600000000,ban,"8,6 tỷ"
64.0,Quận Hai Bà Trưng,khac,63000000000,ban,63 tỷ
50.0,Quận Long Biên,khac,14500000000,ban,"14,5 tỷ"
90.0,Quận Long Biên,khac,20000000,ban,20 triệu/tháng
50.0,Quận Đống Đa,nha_pho,19800000000,ban,"19,8 tỷ"
45.0,Huyện Thanh Trì,khac,6350000000,ban,"6,35 tỷ"
36.0,Quận Hà Đông,khac,6000000000,ban,6 tỷ
34.0,Quận Hà Đông,khac,6200000000,ban,"6,2 tỷ"
36.0,Quận Hà Đông,khac,6200000000,ban,"6,2 tỷ"
78.0,Quận Tây Hồ,nha_pho,28800000000,ban,"28,8 tỷ"
45.0,Huyện Hoài Đức,khac,7000000000,ban,7 tỷ
30.0,Quận Hà Đông,khac,5790000000,ban,"5,79 tỷ"
50.0,Quận Bắc Từ Liêm,khac,15900000000,ban,"15,9 tỷ"
45.0,Quận Hoàng Mai,khac,10600000000,ban,"10,6 tỷ"
50.0,Quận Hà Đông,khac,15500000000,ban,"15,5 tỷ"
16.0,Quận Hoàng Mai,nha_pho,1150000000,ban,"1,15 tỷ"
41.0,Quận Nam Từ Liêm,khac,7000000000,ban,7 tỷ
48.0,Quận Nam Từ Liêm,chung_cu,13000000000,ban,13 tỷ
78.0,Quận Nam Từ Liêm,khac,36450000000,ban,"36,45 tỷ"
53.0,Quận Tây Hồ,khac,15000000000,ban,15 tỷ
41.0,Quận Bắc Từ Liêm,khac,17000000000,ban,17 tỷ
16.0,Quận Đống Đa,khac,2600000000,ban,"2,6 tỷ"
70.0,Quận Nam Từ Liêm,khac,9000000000,ban,9 tỷ
45.0,Quận Nam Từ Liêm,khac,7700000000,ban,"7,7 tỷ"
47.0,Quận Hoàng Mai,khac,2950000000,ban,"2,95 tỷ"
55.0,Huyện Hoài Đức,khac,6000000000,ban,6 tỷ
30.0,Huyện Thanh Trì,khac,7400000000,ban,"7,4 tỷ"
35.0,Huyện Hoài Đức,khac,6000000000,ban,6 tỷ
42.0,Quận Thanh Xuân,khac,7500000000,ban,"7,5 tỷ"
36.0,Quận Thanh Xuân,khac,7310000000,ban,"7,31 tỷ"
40.0,Quận Thanh Xuân,khac,7910000000,ban,"7,91 tỷ"
52.0,Quận Long Biên,nha_pho,17600000000,ban,"17,6 tỷ"
30.6,Quận Long Biên,khac,6500000000,ban,"6,5 tỷ"
115.0,Quận Hai Bà Trưng,khac,109000000000,ban,109 tỷ
50.0,Quận Hoàng Mai,khac,8400000000,ban,"8,4 tỷ"
30.0,Quận Đống Đa,khac,8800000000,ban,"8,8 tỷ"
31.0,Quận Hai Bà Trưng,khac,9880000000,ban,"9,88 tỷ"
38.0,Quận Thanh Xuân,khac,6600000000,ban,"6,6 tỷ"
40.0,Huyện Thanh Trì,khac,750000000,ban,750 triệu
45.0,Quận Nam Từ Liêm,khac,9000000000,ban,9 tỷ
35.0,Quận Hai Bà Trưng,khac,8500000000,ban,"8,5 tỷ"
45.0,Huyện Hoài Đức,khac,6000000000,ban,6 tỷ
36.0,Huyện Hoài Đức,khac,5115510000,ban,"5,115 tỷ"
60.0,Huyện Hoài Đức,khac,6000000000,ban,6 tỷ
30.0,Quận Nam Từ Liêm,khac,12000000,ban,12 triệu/tháng
85.0,Quận Bắc Từ Liêm,chung_cu,26000000000,ban,26 tỷ
33.0,Quận Tây Hồ,khac,8800000000,ban,"8,8 tỷ"
41.0,Quận Bắc Từ Liêm,khac,10500000000,ban,"10,5 tỷ"
45.0,Quận Tây Hồ,khac,10300000000,ban,"10,3 tỷ"
66.0,Quận Bắc Từ Liêm,khac,22000000000,ban,22 tỷ
60.0,Quận Tây Hồ,khac,17900000000,ban,"17,9 tỷ"
48.0,Quận Hà Đông,khac,3000000,ban,3 triệu/tháng
50.0,Quận Thanh Xuân,khac,14500000000,ban,"14,5 tỷ"
73.0,Quận Cầu Giấy,khac,22000000000,ban,22 tỷ
26.0,Quận Hai Bà Trưng,khac,7100000000,ban,"7,1 tỷ"
44.0,Quận Hoàng Mai,nha_pho,13200000000,ban,"13,2 tỷ"
52.0,Quận Nam Từ Liêm,khac,12000000,ban,12 triệu/tháng
40.0,Huyện Thanh Trì,khac,9100000000,ban,"9,1 tỷ"
120.0,Huyện Gia Lâm,khac,12500000000,ban,"12,5 tỷ"
90.0,Quận Long Biên,khac,5700000000,ban,"5,7 tỷ"
56.0,Quận Long Biên,khac,9000000000,ban,9 tỷ
58.0,Quận Đống Đa,khac,4200000000,ban,"4,2 tỷ"
61.0,Quận Hoàng Mai,khac,24500000005,ban,"24,5 tỷ"
40.0,Quận Long Biên,khac,3500000000,ban,"3,5 tỷ"
70.0,Quận Hoàng Mai,khac,14860000000,ban,"14,86 tỷ"
45.0,Quận Hai Bà Trưng,khac,9900000000,ban,"9,9 tỷ"
50.0,Quận Long Biên,khac,11000000000,ban,11 tỷ
16.0,Quận Hoàng Mai,khac,1680000000,ban,"1,68 tỷ"
16.0,Quận Hai Bà Trưng,khac,3150000000,ban,"3,15 tỷ"
70.0,Quận Long Biên,khac,12000000000,ban,12 tỷ
50.0,Quận Hoàng Mai,khac,8800000000,ban,"8,8 tỷ"
35.0,Huyện Thanh Trì,khac,5750000000,ban,"5,75 tỷ"
40.0,Quận Thanh Xuân,khac,7000000000,ban,7 tỷ
60.0,Quận Đống Đa,khac,25000000,ban,25 triệu/tháng
48.0,Quận Hai Bà Trưng,khac,9200000000,ban,"9,2 tỷ"
30.0,Quận Ba Đình,khac,8250000000,ban,"8,25 tỷ"
205.0,Quận Cầu Giấy,biet_thu,119600000000,ban,"119,6 tỷ"
47.0,Quận Long Biên,khac,16000000000,ban,16 tỷ
30.0,Quận Ba Đình,khac,9500000,ban,"9,5 triệu/tháng"
75.0,Quận Cầu Giấy,khac,23000000000,ban,23 tỷ
61.0,Quận Hai Bà Trưng,khac,10900000000,ban,"10,9 tỷ"
39.0,Quận Hoàng Mai,khac,8900000000,ban,"8,9 tỷ"
35.0,Quận Long Biên,khac,6750000000,ban,"6,75 tỷ"
45.5,Quận Nam Từ Liêm,khac,7099000000,ban,"7,099 tỷ"
39.0,Quận Hoàng Mai,khac,9350000000,ban,"9,35 tỷ"
79.0,Quận Long Biên,khac,15000000,ban,15 triệu/tháng
35.0,Quận Nam Từ Liêm,nha_pho,6300000000,ban,"6,3 tỷ"
67.0,Quận Ba Đình,nha_pho,56000000000,ban,56 tỷ
40.0,Quận Hà Đông,khac,4100000000,ban,"4,1 tỷ"
30.0,Quận Hà Đông,khac,4650000000,ban,"4,65 tỷ"
31.0,Quận Cầu Giấy,khac,8200000000,ban,"8,2 tỷ"
78.0,Quận Hà Đông,khac,19250000000,ban,"19,25 tỷ"
47.0,Quận Hai Bà Trưng,khac,14600000000,ban,"14,6 tỷ"
41.0,Huyện Đông Anh,khac,3750000000,ban,"3,75 tỷ"
62.5,Quận Hà Đông,khac,17500000000,ban,"17,5 tỷ"
38.0,Quận Cầu Giấy,khac,9200000000,ban,"9,2 tỷ"
50.0,Quận Long Biên,khac,10000000000,ban,10 tỷ
36.0,Quận Long Biên,khac,7000000000,ban,7 tỷ
35.0,Quận Hai Bà Trưng,khac,6500000000,ban,"6,5 tỷ"
32.0,Quận Hà Đông,khac,3350000000,ban,"3,35 tỷ"
34.0,Quận Hoàng Mai,khac,7500000000,ban,"7,5 tỷ"
32.0,Quận Đống Đa,khac,11500000000,ban,"11,5 tỷ"
30.0,Quận Đống Đa,khac,12800000000,ban,"12,8 tỷ"
32.0,Huyện Chương Mỹ,khac,3300000000,ban,"3,3 tỷ"
30.0,Quận Hai Bà Trưng,khac,6000000000,ban,6 tỷ
38.0,Quận Hoàng Mai,khac,6000000000,ban,6 tỷ
30.0,Quận Thanh Xuân,khac,4900000000,ban,"4,9 tỷ"
66.4,Quận Hai Bà Trưng,khac,25000000000,ban,25 tỷ
30.0,Quận Đống Đa,khac,13200000000,ban,"13,2 tỷ"
30.0,Quận Hai Bà Trưng,khac,5800000000,ban,"5,8 tỷ"
30.0,Quận Hoàng Mai,khac,6500000000,ban,"6,5 tỷ"
23.0,Quận Đống Đa,khac,4850000000,ban,"4,85 tỷ"
30.0,Quận Nam Từ Liêm,khac,3500000,ban,"3,5 triệu/tháng"
30.0,Quận Hoàng Mai,khac,7000000000,ban,7 tỷ
32.0,Huyện Chương Mỹ,khac,3050000000,ban,"3,05 tỷ"
37.0,Quận Hoàng Mai,khac,6860000000,ban,"6,86 tỷ"
50.0,Huyện Thanh Trì,khac,1200000000,ban,"1,2 tỷ"
57.0,Quận Long Biên,nha_pho,20000000,ban,20 triệu/tháng
48.0,Quận Thanh Xuân,khac,8650000000,ban,"8,65 tỷ"
78.5,Quận Ba Đình,khac,19500000000,ban,"19,5 tỷ"
31.0,Quận Hoàng Mai,khac,10500000,ban,"10,5 triệu/tháng"
850.0,Quận Cầu Giấy,nha_pho,989990000000,ban,"989,99 tỷ"
42.0,Quận Đống Đa,khac,7900000000,ban,"7,9 tỷ"
28.0,Quận Hoàng Mai,khac,6860000000,ban,"6,86 tỷ"
40.0,Quận Hà Đông,khac,13000000000,ban,13 tỷ
32.0,Quận Hoàng Mai,khac,7950000000,ban,"7,95 tỷ"
46.0,Quận Đống Đa,khac,13888000000,ban,"13,888 tỷ"
46.0,Quận Đống Đa,khac,13888000000,ban,"13,888 tỷ"
23.0,Quận Hai Bà Trưng,khac,5950000000,ban,"5,95 tỷ"
25.0,Quận Hoàng Mai,khac,4950000000,ban,"4,95 tỷ"
35.0,Quận Hai Bà Trưng,khac,8200000000,ban,"8,2 tỷ"
52.4,Quận Cầu Giấy,khac,17500000000,ban,"17,5 tỷ"
55.0,Quận Nam Từ Liêm,khac,10000000,ban,10 triệu/tháng
30.0,Quận Hoàng Mai,khac,6800000000,ban,"6,8 tỷ"
35.0,Quận Thanh Xuân,khac,7400000000,ban,"7,4 tỷ"
35.0,Quận Hoàng Mai,khac,11000000,ban,11 triệu/tháng
65.0,Quận Hà Đông,khac,17200000000,ban,"17,2 tỷ"
80.0,Quận Long Biên,khac,26000000000,ban,26 tỷ
65.0,Quận Đống Đa,khac,23500000000,ban,"23,5 tỷ"
50.0,Quận Cầu Giấy,khac,15500000000,ban,"15,5 tỷ"
41.0,Quận Hoàng Mai,khac,7290000000,ban,"7,29 tỷ"
48.4,Quận Hà Đông,nha_pho,7600000000,ban,"7,6 tỷ"
45.0,Quận Đống Đa,khac,17500000000,ban,"17,5 tỷ"
33.0,Quận Bắc Từ Liêm,khac,8100000000,ban,"8,1 tỷ"
120.0,Quận Nam Từ Liêm,khac,16000000,ban,16 triệu/tháng
80.0,Huyện Thanh Trì,khac,13500000000,ban,"13,5 tỷ"
32.0,Quận Đống Đa,khac,10200000000,ban,"10,2 tỷ"
190.0,Quận Long Biên,khac,23000000,ban,23 triệu/tháng
36.0,Quận Bắc Từ Liêm,khac,10000000000,ban,10 tỷ
104.0,Quận Tây Hồ,khac,27000000000,ban,27 tỷ
45.0,Quận Hai Bà Trưng,nha_pho,9800000000,ban,"9,8 tỷ"
33.0,Quận Cầu Giấy,khac,11600000000,ban,"11,6 tỷ"
41.0,Quận Hoàng Mai,khac,10400000000,ban,"10,4 tỷ"
31.0,Quận Hoàng Mai,khac,6000000000,ban,6 tỷ
34.0,Quận Nam Từ Liêm,khac,8100000000,ban,"8,1 tỷ"
68.0,Quận Ba Đình,chung_cu,25000000000,ban,25 tỷ
39.0,Quận Hà Đông,khac,5980000000,ban,"5,98 tỷ"
30.0,Quận Hai Bà Trưng,khac,6500000000,ban,"6,5 tỷ"
35.0,Quận Hoàng Mai,khac,8500000000,ban,"8,5 tỷ"
40.0,Quận Thanh Xuân,khac,4550000000,ban,"4,55 tỷ"
30.0,Quận Hai Bà Trưng,khac,5900000000,ban,"5,9 tỷ"
32.0,Quận Bắc Từ Liêm,khac,5305300000,ban,"5,305 tỷ"
35.0,Huyện Thanh Trì,khac,6500000000,ban,"6,5 tỷ"
45.0,Quận Hoàng Mai,khac,5500000,ban,"5,5 triệu/tháng"
65.0,Quận Đống Đa,khac,17000000000,ban,17 tỷ
50.0,Quận Cầu Giấy,khac,9800000000,ban,"9,8 tỷ"
25.0,Quận Hoàng Mai,khac,4750000000,ban,"4,75 tỷ"
27.0,Quận Hoàng Mai,khac,7500000000,ban,"7,5 tỷ"
65.0,Quận Long Biên,khac,13000000000,ban,13 tỷ
37.0,Quận Hà Đông,khac,4000000,ban,4 triệu/tháng
44.0,Huyện Mê Linh,khac,2600000000,ban,"2,6 tỷ"
40.0,Huyện Mê Linh,khac,3200000000,ban,"3,2 tỷ"
35.0,Quận Hà Đông,khac,4444444444,ban,"4,444 tỷ"
40.0,Quận Hai Bà Trưng,nha_pho,6900000000,ban,"6,9 tỷ"
37.0,Quận Hai Bà Trưng,khac,6780000000,ban,"6,78 tỷ"
80.0,Huyện Thường Tín,khac,15000000000,ban,15 tỷ
70.0,Quận Cầu Giấy,khac,26500000000,ban,"26,5 tỷ"
40.0,Quận Đống Đa,khac,11000000000,ban,11 tỷ
60.0,Quận Cầu Giấy,khac,14500000000,ban,"14,5 tỷ"
69.0,Quận Thanh Xuân,khac,8600000000,ban,"8,6 tỷ"
50.0,Quận Cầu Giấy,khac,8300000000,ban,"8,3 tỷ"
40.0,Quận Long Biên,khac,12750000000,ban,"12,75 tỷ"
52.0,Quận Long Biên,khac,12850000000,ban,"12,85 tỷ"
51.9,Quận Long Biên,khac,14000000000,ban,14 tỷ
40.0,Huyện Thanh Trì,khac,6300000000,ban,"6,3 tỷ"
35.0,Quận Long Biên,khac,9280000000,ban,"9,28 tỷ"
32.4,Quận Hai Bà Trưng,khac,9000000000,ban,9 tỷ
36.0,Quận Ba Đình,khac,30260000000,ban,"30,26 tỷ"
42.0,Quận Tây Hồ,khac,11500000000,ban,"11,5 tỷ"
75.0,Quận Hà Đông,khac,3750000000,ban,"3,75 tỷ"
55.0,Quận Hai Bà Trưng,khac,11900000000,ban,"11,9 tỷ"
40.0,Quận Hai Bà Trưng,khac,7050000000,ban,"7,05 tỷ"
45.0,Quận Hoàng Mai,khac,9800000000,ban,"9,8 tỷ"
33.0,Quận Hoàng Mai,khac,6990000000,ban,"6,99 tỷ"
32.0,Quận Đống Đa,khac,14166999999,ban,"14,166 tỷ"
65.0,Quận Long Biên,khac,16000000,ban,16 triệu/tháng
60.0,Quận Cầu Giấy,khac,39800000000,ban,"39,8 tỷ"
35.0,Quận Tây Hồ,khac,18000000,ban,18 triệu/tháng
62.0,Quận Hà Đông,khac,15000000000,ban,15 tỷ
30.0,Quận Tây Hồ,khac,4150000000,ban,"4,15 tỷ"
28.0,Quận Tây Hồ,khac,7500000000,ban,"7,5 tỷ"
30.0,Quận Bắc Từ Liêm,khac,15000000,ban,15 triệu/tháng
30.0,Quận Bắc Từ Liêm,khac,15000000,ban,15 triệu/tháng
65.0,Quận Long Biên,khac,17900000000,ban,"17,9 tỷ"
32.0,Huyện Chương Mỹ,khac,3500000000,ban,"3,5 tỷ"
30.0,Quận Long Biên,khac,7000000,ban,7 triệu/tháng
100.0,Quận Nam Từ Liêm,khac,38000000,ban,38 triệu/tháng
36.0,Quận Hoàng Mai,khac,12000000000,ban,12 tỷ
32.0,Huyện Chương Mỹ,khac,2950000000,ban,"2,95 tỷ"
40.0,Quận Cầu Giấy,khac,12000000000,ban,12 tỷ
47.0,Quận Hoàng Mai,khac,12112000000,ban,"12,112 tỷ"
31.0,Quận Hoàng Mai,nha_pho,7200000000,ban,"7,2 tỷ"
28.0,Quận Hai Bà Trưng,khac,6000000000,ban,6 tỷ
40.0,Quận Đống Đa,khac,13500000000,ban,"13,5 tỷ"
45.0,Huyện Hoài Đức,khac,3300000000,ban,"3,3 tỷ"
55.0,Quận Hà Đông,nha_pho,14000000000,ban,14 tỷ
58.0,Quận Hoàng Mai,khac,15400000000,ban,"15,4 tỷ"
22.0,Quận Đống Đa,khac,4700000000,ban,"4,7 tỷ"
75.0,Quận Long Biên,khac,25500000000,ban,"25,5 tỷ"
40.0,Quận Đống Đa,khac,10000000000,ban,10 tỷ
75.0,Quận Bắc Từ Liêm,khac,19500000000,ban,"19,5 tỷ"
55.0,Quận Hoàng Mai,khac,16000000,ban,16 triệu/tháng
38.0,Quận Thanh Xuân,khac,6680000000,ban,"6,68 tỷ"
43.0,Quận Thanh Xuân,khac,8900000000,ban,"8,9 tỷ"
42.0,Quận Đống Đa,khac,7850000000,ban,"7,85 tỷ"
41.0,Quận Đống Đa,nha_pho,7750000000,ban,"7,75 tỷ"
115.0,Quận Thanh Xuân,dat,18500000000,ban,"18,5 tỷ"
115.0,Quận Thanh Xuân,khac,6680000000,ban,"6,68 tỷ"
210.0,Huyện Hoài Đức,biet_thu,42000000000,ban,42 tỷ
35.0,Quận Bắc Từ Liêm,khac,8680000000,ban,"8,68 tỷ"
78.0,Huyện Thường Tín,biet_thu,6300000000,ban,"6,3 tỷ"
100.0,Huyện Thạch Thất,dat,3550000000,ban,"3,55 tỷ"
125.0,Huyện Thạch Thất,dat,3500000000,ban,"3,5 tỷ"
45.0,Quận Cầu Giấy,dat,12500000000,ban,"12,5 tỷ"
60.0,Huyện Đông Anh,dat,3800000000,ban,"3,8 tỷ"
55.0,Quận Long Biên,dat,5780000000,ban,"5,78 tỷ"
50.0,Quận Long Biên,dat,7800000000,ban,"7,8 tỷ"
30.0,Huyện Gia Lâm,khac,6000000000,ban,6 tỷ
78.0,Huyện Phú Xuyên,dat,4290000000,ban,"4,29 tỷ"
150.0,Huyện Chương Mỹ,khac,3900000000,ban,"3,9 tỷ"
160.0,Huyện Thạch Thất,dat,7299000000,ban,"7,299 tỷ"
80.0,Huyện Chương Mỹ,khac,1300000000,ban,"1,3 tỷ"
75.0,Huyện Sóc Sơn,dat,3100000000,ban,"3,1 tỷ"
47.2999,Huyện Hoài Đức,dat,8999000000,ban,"8,999 tỷ"
120.0,Huyện Sóc Sơn,khac,3200000000,ban,"3,2 tỷ"
60.0,Huyện Thanh Trì,dat,6900000000,ban,"6,9 tỷ"
41.0,Huyện Đông Anh,dat,2850000000,ban,"2,85 tỷ"
838.0,Quận Tây Hồ,khac,139000000000,ban,139 tỷ
73.0,Quận Bắc Từ Liêm,dat,8700000000,ban,"8,7 tỷ"
23.0,Quận Long Biên,dat,5200000000,ban,"5,2 tỷ"
60.0,Huyện Mỹ Đức,dat,400000000,ban,400 triệu
65.0,Huyện Thường Tín,dat,10725000000,ban,"10,725 tỷ"
83.5998,Huyện Chương Mỹ,khac,6800000000,ban,"6,8 tỷ"
52.0,Quận Long Biên,dat,7400000000,ban,"7,4 tỷ"
90.0,Huyện Đông Anh,khac,3400000000,ban,"3,4 tỷ"
56.0,Quận Long Biên,dat,7450000000,ban,"7,45 tỷ"
70.0,Thị xã Sơn Tây,khac,1600000000,ban,"1,6 tỷ"
71.8,Huyện Mỹ Đức,dat,500000000,ban,500 triệu
53.7,Huyện Đông Anh,dat,4730000000,ban,"4,73 tỷ"
40.0,Quận Hoàng Mai,dat,4100000000,ban,"4,1 tỷ"
108.0,Quận Hoàng Mai,dat,8800000000,ban,"8,8 tỷ"
116.0,Huyện Chương Mỹ,dat,2250000000,ban,"2,25 tỷ"
46.0,Huyện Đông Anh,khac,5600000000,ban,"5,6 tỷ"
51.0,Quận Bắc Từ Liêm,dat,12500000000,ban,"12,5 tỷ"
60.0,Quận Long Biên,dat,9300000000,ban,"9,3 tỷ"
82.0,Quận Long Biên,dat,7200000000,ban,"7,2 tỷ"
41.0,Huyện Hoài Đức,dat,8300000000,ban,"8,3 tỷ"
42.0,Quận Nam Từ Liêm,dat,10600000000,ban,"10,6 tỷ"
84.0,Huyện Thanh Trì,dat,12500000000,ban,"12,5 tỷ"
70.0,Quận Thanh Xuân,dat,4500000000,ban,"4,5 tỷ"
160.0,Huyện Quốc Oai,dat,4000000000,ban,4 tỷ
100.0,Huyện Phúc Thọ,dat,2750000000,ban,"2,75 tỷ"
98.1999,Huyện Thạch Thất,dat,4250000000,ban,"4,25 tỷ"
558.0,Huyện Đông Anh,dat,1700000000,ban,"1,7 tỷ"
65.0,Huyện Thanh Trì,dat,7400000000,ban,"7,4 tỷ"
48.0998,Quận Hà Đông,khac,4700000000,ban,"4,7 tỷ"
50.0,Quận Long Biên,khac,9950000000,ban,"9,95 tỷ"
68.0,Huyện Gia Lâm,dat,135000000,ban,135 triệu
58.0,Huyện Mê Linh,dat,3100000000,ban,"3,1 tỷ"
40.0,Huyện Đông Anh,dat,2800000000,ban,"2,8 tỷ"
100.0,Huyện Quốc Oai,dat,2400000000,ban,"2,4 tỷ"
100.0,Thị xã Sơn Tây,dat,1980000000,ban,"1,98 tỷ"
88.8,Huyện Đông Anh,khac,7620000000,ban,"7,62 tỷ"
52.0,Quận Nam Từ Liêm,dat,5700000000,ban,"5,7 tỷ"
100.0,Huyện Đông Anh,dat,6000000000,ban,6 tỷ
103.0,Huyện Thạch Thất,khac,3550000000,ban,"3,55 tỷ"
110.0,Huyện Thạch Thất,dat,3249000000,ban,"3,249 tỷ"
55.0,Huyện Hoài Đức,dat,4999999999,ban,"4,999 tỷ"
45.0,Huyện Hoài Đức,khac,3750000000,ban,"3,75 tỷ"
58.0,Huyện Đông Anh,khac,5300000000,ban,"5,3 tỷ"
46.0,Huyện Hoài Đức,dat,3400000000,ban,"3,4 tỷ"
100.0,Huyện Đông Anh,khac,5320000000,ban,"5,32 tỷ"
1034.0,Huyện Thạch Thất,khac,5000000000,ban,5 tỷ
70.0,Quận Long Biên,dat,15700000000,ban,"15,7 tỷ"
100.0,Thị xã Sơn Tây,dat,2800000000,ban,"2,8 tỷ"
100.0,Huyện Thạch Thất,dat,3200000000,ban,"3,2 tỷ"
100.0,Huyện Thạch Thất,dat,2600000000,ban,"2,6 tỷ"
44.0,Quận Hà Đông,dat,2950000000,ban,"2,95 tỷ"
88.0,Huyện Chương Mỹ,khac,1638000000,ban,"1,638 tỷ"
100.0,Huyện Sóc Sơn,dat,1200000000,ban,"1,2 tỷ"
65.0,Quận Long Biên,dat,17000000000,ban,17 tỷ
64.0,Huyện Mê Linh,khac,3780000000,ban,"3,78 tỷ"
84.0,Huyện Thanh Oai,dat,5600000000,ban,"5,6 tỷ"
65.0,Quận Hoàng Mai,dat,1000000000,ban,1 tỷ
54.0,Huyện Mỹ Đức,dat,600000000,ban,600 triệu
54.0,Huyện Mê Linh,dat,2650000000,ban,"2,65 tỷ"
116.0,Huyện Mê Linh,dat,3300000000,ban,"3,3 tỷ"
420.0,Huyện Sóc Sơn,dat,20000000000,ban,20 tỷ
650.0,Huyện Chương Mỹ,dat,4200000000,ban,"4,2 tỷ"
37.0,Quận Hà Đông,dat,3350000000,ban,"3,35 tỷ"
124.0,Huyện Sóc Sơn,khac,6580000000,ban,"6,58 tỷ"
65.0,Huyện Sóc Sơn,khac,8000000000,ban,8 tỷ
100.0,Huyện Quốc Oai,dat,2800000000,ban,"2,8 tỷ"
51.0,Huyện Đông Anh,dat,4020000000,ban,"4,02 tỷ"
100.0,Thị xã Sơn Tây,dat,3500000000,ban,"3,5 tỷ"
500.0,Huyện Thanh Trì,dat,2500000000,ban,"2,5 tỷ"
60.0,Huyện Đông Anh,dat,7650000000,ban,"7,65 tỷ"
100.0,Thị xã Sơn Tây,khac,2000000000,ban,2 tỷ
60.0,Quận Hà Đông,dat,13100000000,ban,"13,1 tỷ"
85.0,Quận Long Biên,dat,21900000000,ban,"21,9 tỷ"
62.0,Thị xã Sơn Tây,khac,1650000000,ban,"1,65 tỷ"
36.0,Quận Long Biên,dat,5000000000,ban,5 tỷ
80.0,Quận Bắc Từ Liêm,dat,11000000000,ban,11 tỷ
89.0,Huyện Đông Anh,dat,7565000000,ban,"7,565 tỷ"
115.8,Huyện Đông Anh,dat,8500000000,ban,"8,5 tỷ"
31.0,Quận Bắc Từ Liêm,dat,7800000000,ban,"7,8 tỷ"
70.0,Quận Long Biên,dat,16000000000,ban,16 tỷ
50.0,Huyện Đông Anh,khac,5800000000,ban,"5,8 tỷ"
80.0,Huyện Đông Anh,dat,10300000000,ban,"10,3 tỷ"
36.0,Quận Long Biên,dat,6000000000,ban,6 tỷ
88.0,Huyện Chương Mỹ,dat,1808000000,ban,"1,808 tỷ"
1247.0,Huyện Sóc Sơn,dat,18705000000,ban,"18,705 tỷ"
150.0,Huyện Quốc Oai,dat,5400000000,ban,"5,4 tỷ"
40.0,Quận Hà Đông,khac,7000000000,ban,7 tỷ
124.0,Quận Tây Hồ,dat,26000000000,ban,26 tỷ
77.0,Quận Long Biên,dat,20500000000,ban,"20,5 tỷ"
74.0,Quận Long Biên,dat,15500000000,ban,"15,5 tỷ"
100.0,Huyện Sóc Sơn,dat,680000000,ban,680 triệu
80.0,Huyện Thanh Trì,dat,7500000000,ban,"7,5 tỷ"
15000.0,Quận Nam Từ Liêm,dat,30000,ban,30000 đ/tháng
51.0,Huyện Thường Tín,dat,3850000000,ban,"3,85 tỷ"
50.0,Quận Bắc Từ Liêm,dat,7300000000,ban,"7,3 tỷ"
50.0,Quận Nam Từ Liêm,dat,7000000000,ban,7 tỷ
55.0,Huyện Thanh Trì,khac,9900000000,ban,"9,9 tỷ"
118.0,Huyện Sóc Sơn,khac,3800000000,ban,"3,8 tỷ"
300.0,Quận Hà Đông,dat,9000000000,ban,9 tỷ
41.0,Quận Bắc Từ Liêm,dat,5450000000,ban,"5,45 tỷ"
60.0,Quận Hà Đông,dat,4500000000,ban,"4,5 tỷ"
100.0,Huyện Thạch Thất,khac,5000000000,ban,5 tỷ
109.0,Thị xã Sơn Tây,dat,2800000000,ban,"2,8 tỷ"
245.0,Huyện Quốc Oai,dat,4160000000,ban,"4,16 tỷ"
100.0,Thị xã Sơn Tây,khac,3000000000,ban,3 tỷ
100.0,Huyện Thạch Thất,dat,2820000000,ban,"2,82 tỷ"
94.0,Huyện Sóc Sơn,khac,7580000000,ban,"7,58 tỷ"
99.0,Huyện Sóc Sơn,khac,3000000000,ban,3 tỷ
65.0,Quận Hà Đông,dat,4000000,ban,4 triệu/tháng
95.0,Huyện Sóc Sơn,khac,5400000000,ban,"5,4 tỷ"
670.0,Quận Hà Đông,dat,58500000000,ban,"58,5 tỷ"
60.0,Huyện Chương Mỹ,khac,3600000000,ban,"3,6 tỷ"
62.9,Quận Hà Đông,dat,20900000000,ban,"20,9 tỷ"
50.0,Huyện Đông Anh,khac,4695000000,ban,"4,695 tỷ"
100.0,Huyện Quốc Oai,dat,2800000000,ban,"2,8 tỷ"
33.5999,Quận Long Biên,dat,6450000000,ban,"6,45 tỷ"
68.0,Huyện Đông Anh,khac,6500000000,ban,"6,5 tỷ"
66.0,Huyện Đông Anh,dat,11000000000,ban,11 tỷ
52.0,Quận Long Biên,khac,15500000000,ban,"15,5 tỷ"
100.0,Huyện Sóc Sơn,khac,2500000000,ban,"2,5 tỷ"
35.0,Huyện Thanh Trì,dat,2700000000,ban,"2,7 tỷ"
70.0,Huyện Đông Anh,khac,7900000000,ban,"7,9 tỷ"
48.2,Huyện Đan Phượng,dat,2700000000,ban,"2,7 tỷ"
80.0,Huyện Chương Mỹ,dat,1000000000,ban,1 tỷ
50.0,Quận Hà Đông,dat,15200000000,ban,"15,2 tỷ"
33.0,Quận Long Biên,dat,5500000000,ban,"5,5 tỷ"
54.0,Quận Hà Đông,dat,5500000000,ban,"5,5 tỷ"
75.0,Quận Hà Đông,dat,17900000000,ban,"17,9 tỷ"
42.5999,Huyện Đông Anh,dat,4050000000,ban,"4,05 tỷ"
41.0,Quận Hà Đông,dat,7100000000,ban,"7,1 tỷ"
64.0,Huyện Chương Mỹ,dat,2650000000,ban,"2,65 tỷ"
41.7999,Quận Hà Đông,dat,4299999999,ban,"4,299 tỷ"
80.0,Huyện Đông Anh,dat,5200000000,ban,"5,2 tỷ"
51.0,Huyện Đông Anh,khac,1950000000,ban,"1,95 tỷ"
73.0,Huyện Đông Anh,dat,4000000000,ban,4 tỷ
83.3,Huyện Mê Linh,dat,3800000000,ban,"3,8 tỷ"
2156.0,Huyện Quốc Oai,khac,18500000000,ban,"18,5 tỷ"
41.0999,Quận Long Biên,dat,4700000000,ban,"4,7 tỷ"
87.3,Huyện Mê Linh,dat,4135313700,ban,"4,135 tỷ"
52.5,Quận Hà Đông,dat,3000000000,ban,3 tỷ
65.0,Huyện Thạch Thất,dat,2700000000,ban,"2,7 tỷ"
180.0,Huyện Sóc Sơn,dat,15300000000,ban,"15,3 tỷ"
50.0,Huyện Gia Lâm,khac,7500000000,ban,"7,5 tỷ"
411.0,Huyện Thạch Thất,khac,12800000000,ban,"12,8 tỷ"
60.0,Quận Hoàng Mai,dat,17000000000,ban,17 tỷ
51.0,Huyện Đông Anh,khac,4550000000,ban,"4,55 tỷ"
100.0,Huyện Quốc Oai,dat,4700000000,ban,"4,7 tỷ"
48.7,Huyện Đông Anh,khac,4550000000,ban,"4,55 tỷ"
42.5,Quận Long Biên,dat,6750000000,ban,"6,75 tỷ"
106.8,Quận Hoàng Mai,dat,17700000000,ban,"17,7 tỷ"
104.4,Huyện Quốc Oai,khac,2200000000,ban,"2,2 tỷ"
60.2,Huyện Thạch Thất,dat,2450000000,ban,"2,45 tỷ"
42.5999,Quận Hà Đông,dat,7550000000,ban,"7,55 tỷ"
230.0,Thị xã Sơn Tây,dat,5000000000,ban,5 tỷ
115.0,Quận Cầu Giấy,khac,44800000000,ban,"44,8 tỷ"
80.0,Huyện Quốc Oai,dat,3000000000,ban,3 tỷ
100.0,Huyện Quốc Oai,dat,3300000000,ban,"3,3 tỷ"
80.0,Huyện Chương Mỹ,khac,1500000000,ban,"1,5 tỷ"
12.0,Huyện Hoài Đức,dat,26000000000,ban,26 tỷ
53.0,Quận Tây Hồ,dat,11800000000,ban,"11,8 tỷ"
30.0,Quận Hà Đông,dat,7000000000,ban,7 tỷ
2160.0,Quận Tây Hồ,khac,2800000000,ban,"2,8 tỷ"
51.0,Quận Bắc Từ Liêm,dat,11800000000,ban,"11,8 tỷ"
100.0,Huyện Thạch Thất,dat,2750000000,ban,"2,75 tỷ"
80.0,Huyện Chương Mỹ,dat,1000000000,ban,1 tỷ
54.0,Quận Bắc Từ Liêm,dat,9000000000,ban,9 tỷ
102.0,Huyện Thạch Thất,dat,2290000000,ban,"2,29 tỷ"
89.0,Huyện Đông Anh,khac,11700000000,ban,"11,7 tỷ"
100.0,Huyện Thạch Thất,dat,2480000000,ban,"2,48 tỷ"
50.0,Huyện Thanh Trì,dat,4000000000,ban,4 tỷ
1029.0,Quận Bắc Từ Liêm,dat,85000000000,ban,85 tỷ
80.0,Huyện Chương Mỹ,dat,1300000000,ban,"1,3 tỷ"
100.0,Huyện Thạch Thất,dat,2320000000,ban,"2,32 tỷ"
140.0,Quận Bắc Từ Liêm,dat,19000000000,ban,19 tỷ
264.0,Huyện Hoài Đức,dat,1320000000,ban,"1,32 tỷ"
77.0,Huyện Thanh Oai,khac,7900000000,ban,"7,9 tỷ"
120.0,Quận Long Biên,dat,48000000000,ban,48 tỷ
52.5,Huyện Sóc Sơn,dat,2800000000,ban,"2,8 tỷ"
74.0,Quận Bắc Từ Liêm,khac,14200000000,ban,"14,2 tỷ"
100.0,Quận Hà Đông,dat,7500000000,ban,"7,5 tỷ"
120.0,Quận Long Biên,dat,45000000000,ban,45 tỷ
100.0,Huyện Ba Vì,dat,900000000,ban,900 triệu
60.0,Huyện Thanh Trì,dat,6000000000,ban,6 tỷ
100.0,Huyện Quốc Oai,khac,1900000000,ban,"1,9 tỷ"
113.0,Huyện Gia Lâm,dat,6780000000,ban,"6,78 tỷ"
65.0,Thị xã Sơn Tây,dat,2500000000,ban,"2,5 tỷ"
102.0,Huyện Thạch Thất,khac,3100000000,ban,"3,1 tỷ"
90.0,Huyện Chương Mỹ,dat,1500000000,ban,"1,5 tỷ"
150.0,Huyện Đông Anh,dat,16800000000,ban,"16,8 tỷ"
65.0,Quận Long Biên,dat,9800000000,ban,"9,8 tỷ"
50.0,Huyện Hoài Đức,dat,5950000000,ban,"5,95 tỷ"
34.7,Quận Long Biên,dat,6500000000,ban,"6,5 tỷ"
60.0,Huyện Thạch Thất,dat,2500000000,ban,"2,5 tỷ"
70.0,Huyện Sóc Sơn,khac,1400000000,ban,"1,4 tỷ"
1220.0,Quận Hoàng Mai,khac,72000000000,ban,72 tỷ
1000.0,Huyện Đông Anh,dat,35000000000,ban,35 tỷ
100.0,Huyện Quốc Oai,khac,3500000000,ban,"3,5 tỷ"
44.0,Huyện Hoài Đức,dat,3520000000,ban,"3,52 tỷ"
69.0,Huyện Mê Linh,dat,2050000000,ban,"2,05 tỷ"
67.9,Huyện Thạch Thất,dat,3500000000,ban,"3,5 tỷ"
42.7999,Huyện Đông Anh,khac,2900000000,ban,"2,9 tỷ"
80.0,Huyện Chương Mỹ,dat,1300000000,ban,"1,3 tỷ"
80.0,Huyện Chương Mỹ,dat,1700000000,ban,"1,7 tỷ"
100.0,Huyện Thạch Thất,dat,3480000000,ban,"3,48 tỷ"
57.0,Huyện Chương Mỹ,dat,3900000000,ban,"3,9 tỷ"
63.0,Quận Long Biên,dat,8300000000,ban,"8,3 tỷ"
120.0,Huyện Chương Mỹ,dat,2450000000,ban,"2,45 tỷ"
45.0,Quận Bắc Từ Liêm,khac,9286000000,ban,"9,286 tỷ"
60.0,Huyện Thanh Trì,dat,3700000000,ban,"3,7 tỷ"
65.0,Huyện Thạch Thất,dat,2300000000,ban,"2,3 tỷ"
45.0,Huyện Gia Lâm,dat,5000000000,ban,5 tỷ
23.0,Quận Long Biên,dat,5000000000,ban,5 tỷ
67.0,Huyện Thạch Thất,dat,570000000,ban,570 triệu
100.0,Quận Hoàng Mai,dat,18000000000,ban,18 tỷ
150.0,Huyện Thạch Thất,dat,8350000000,ban,"8,35 tỷ"
128.0,Huyện Thạch Thất,dat,3950000000,ban,"3,95 tỷ"
86.0,Huyện Chương Mỹ,dat,1800000000,ban,"1,8 tỷ"
50.0,Quận Bắc Từ Liêm,dat,7300000000,ban,"7,3 tỷ"
105.0,Quận Hà Đông,dat,12600000000,ban,"12,6 tỷ"
81.0,Quận Long Biên,dat,10500000000,ban,"10,5 tỷ"
70.0,Quận Long Biên,dat,1650000000,ban,"1,65 tỷ"
100.0,Huyện Quốc Oai,dat,5200000000,ban,"5,2 tỷ"
48.0,Huyện Chương Mỹ,dat,2450000000,ban,"2,45 tỷ"
47.0,Quận Long Biên,dat,8000000000,ban,8 tỷ
45.7999,Quận Nam Từ Liêm,dat,850000000,ban,850 triệu
180.0,Huyện Thạch Thất,dat,6300000000,ban,"6,3 tỷ"
60.0,Quận Hà Đông,dat,15200000000,ban,"15,2 tỷ"
80.0,Huyện Chương Mỹ,dat,1699999999,ban,"1,699 tỷ"
47.0,Quận Long Biên,dat,8950000000,ban,"8,95 tỷ"
58.0,Quận Hà Đông,dat,8900000000,ban,"8,9 tỷ"
86.0,Huyện Mê Linh,khac,4500000000,ban,"4,5 tỷ"
35.0,Quận Long Biên,khac,9600000000,ban,"9,6 tỷ"
50.0,Quận Hà Đông,dat,5600000000,ban,"5,6 tỷ"
50.0,Thị xã Sơn Tây,dat,1700000000,ban,"1,7 tỷ"
50000.0,Huyện Thạch Thất,dat,6500000000,ban,"6,5 tỷ"
105.0,Huyện Thanh Oai,dat,9580000000,ban,"9,58 tỷ"
80.0,Huyện Chương Mỹ,dat,1360000000,ban,"1,36 tỷ"
100.0,Huyện Thạch Thất,khac,4000000000,ban,4 tỷ
80.0,Huyện Đông Anh,khac,145000000,ban,145 triệu
55.0,Quận Long Biên,dat,9600000000,ban,"9,6 tỷ"
40.0,Quận Bắc Từ Liêm,dat,5850000000,ban,"5,85 tỷ"
75.0,Quận Bắc Từ Liêm,dat,19500000000,ban,"19,5 tỷ"
50.0,Huyện Mê Linh,khac,2800000000,ban,"2,8 tỷ"
120.0,Huyện Thạch Thất,dat,6700000000,ban,"6,7 tỷ"
42.0,Huyện Đông Anh,dat,3250000000,ban,"3,25 tỷ"
61.0,Quận Long Biên,khac,15000000000,ban,15 tỷ
55.2,Huyện Đan Phượng,dat,8330000000,ban,"8,33 tỷ"
92.0,Quận Bắc Từ Liêm,khac,21000000000,ban,21 tỷ
78.5,Huyện Hoài Đức,biet_thu,13000000000,ban,13 tỷ
53.0,Huyện Thạch Thất,dat,5000000000,ban,5 tỷ
60.2,Thị xã Sơn Tây,dat,1500000000,ban,"1,5 tỷ"
66.1999,Quận Hà Đông,dat,4000000000,ban,4 tỷ
60.5,Thị xã Sơn Tây,dat,2000000000,ban,2 tỷ
61.0,Quận Long Biên,dat,15860000000,ban,"15,86 tỷ"
115.0,Huyện Chương Mỹ,dat,1700000000,ban,"1,7 tỷ"
127.0,Huyện Sóc Sơn,khac,4570000000,ban,"4,57 tỷ"
100.0,Thị xã Sơn Tây,khac,3500000000,ban,"3,5 tỷ"
64.0,Quận Hoàng Mai,khac,8600000000,ban,"8,6 tỷ"
34.0,Quận Long Biên,khac,4450000000,ban,"4,45 tỷ"
100.0,Huyện Quốc Oai,dat,2400000000,ban,"2,4 tỷ"
124.5,Huyện Sóc Sơn,dat,1800000000,ban,"1,8 tỷ"
80.0,Huyện Quốc Oai,khac,4700000000,ban,"4,7 tỷ"
80.0,Huyện Sóc Sơn,khac,3290000000,ban,"3,29 tỷ"
100.0,Thị xã Sơn Tây,dat,3500000000,ban,"3,5 tỷ"
50.0,Quận Hà Đông,dat,13700000000,ban,"13,7 tỷ"
107.0,Huyện Sóc Sơn,dat,1690000000,ban,"1,69 tỷ"
162.0,Huyện Đan Phượng,dat,10000000000,ban,10 tỷ
109.0,Quận Cầu Giấy,dat,44900000000,ban,"44,9 tỷ"
80.0,Huyện Sóc Sơn,dat,1900000000,ban,"1,9 tỷ"
141.0,Huyện Sóc Sơn,dat,2350000000,ban,"2,35 tỷ"
100.0,Huyện Quốc Oai,dat,1900000000,ban,"1,9 tỷ"
100.0,Huyện Quốc Oai,khac,4800000000,ban,"4,8 tỷ"
204.0,Huyện Quốc Oai,dat,7300000000,ban,"7,3 tỷ"
69.0,Huyện Thanh Oai,khac,85000000,ban,85 triệu
50.0,Quận Hà Đông,dat,5000000,ban,5 triệu/tháng
200.0,Huyện Gia Lâm,khac,22800000000,ban,"22,8 tỷ"
57.0,Quận Bắc Từ Liêm,dat,10500000000,ban,"10,5 tỷ"
196.0,Huyện Mê Linh,dat,8820000000,ban,"8,82 tỷ"
65.0,Quận Hà Đông,dat,5070000000,ban,"5,07 tỷ"
408.0,Huyện Quốc Oai,dat,1346400000,ban,"1,346 tỷ"
56.0,Quận Long Biên,dat,6000000000,ban,6 tỷ
51.0,Quận Hà Đông,khac,4500000000,ban,"4,5 tỷ"
50.0,Thị xã Sơn Tây,dat,1000000000,ban,1 tỷ
73.8,Huyện Đông Anh,dat,4700000000,ban,"4,7 tỷ"
82.0,Huyện Chương Mỹ,khac,2200000000,ban,"2,2 tỷ"
44.0,Quận Hà Đông,khac,8750000000,ban,"8,75 tỷ"
100.0,Huyện Thạch Thất,dat,3870000000,ban,"3,87 tỷ"
75.0,Huyện Đan Phượng,khac,12200000000,ban,"12,2 tỷ"
100.0,Huyện Sóc Sơn,dat,1490000000,ban,"1,49 tỷ"
100.0,Huyện Thạch Thất,dat,3400000000,ban,"3,4 tỷ"
100.0,Thị xã Sơn Tây,dat,2500000000,ban,"2,5 tỷ"
76.0,Quận Bắc Từ Liêm,dat,20900000000,ban,"20,9 tỷ"
60.0,Quận Tây Hồ,dat,12400000000,ban,"12,4 tỷ"
175.0,Quận Long Biên,dat,41000000000,ban,41 tỷ
120.0,Quận Bắc Từ Liêm,dat,17200000000,ban,"17,2 tỷ"
180.0,Huyện Đông Anh,dat,22500000000,ban,"22,5 tỷ"
80.0,Huyện Thạch Thất,dat,5999999999,ban,"5,999 tỷ"
80.0,Huyện Chương Mỹ,dat,1500000000,ban,"1,5 tỷ"
70.0,Quận Bắc Từ Liêm,dat,13600000000,ban,"13,6 tỷ"
108.0,Huyện Sóc Sơn,dat,6200000000,ban,"6,2 tỷ"
100.0,Huyện Quốc Oai,dat,2182368688,ban,"2,182 tỷ"
120.0,Quận Hoàng Mai,dat,20500000000,ban,"20,5 tỷ"
30.0,Quận Tây Hồ,dat,6500000000,ban,"6,5 tỷ"
45.0,Quận Hoàng Mai,dat,8600000000,ban,"8,6 tỷ"
86.0,Huyện Chương Mỹ,dat,1586000000,ban,"1,586 tỷ"
52.0,Quận Long Biên,dat,11100000000,ban,"11,1 tỷ"
115.0,Huyện Sóc Sơn,khac,4800000000,ban,"4,8 tỷ"
50.0,Quận Hà Đông,khac,3333000000,ban,"3,333 tỷ"
80.0,Huyện Chương Mỹ,dat,3200000000,ban,"3,2 tỷ"
83.0,Huyện Đông Anh,dat,7350000000,ban,"7,35 tỷ"
52.5998,Quận Long Biên,dat,13676000000,ban,"13,676 tỷ"
80.0,Huyện Đan Phượng,dat,4840000000,ban,"4,84 tỷ"
37.0,Quận Long Biên,dat,6450000000,ban,"6,45 tỷ"
37.0,Quận Hà Đông,dat,2700000000,ban,"2,7 tỷ"
80.0,Huyện Đan Phượng,dat,4840000000,ban,"4,84 tỷ"
85.0,Huyện Chương Mỹ,dat,1700000000,ban,"1,7 tỷ"
60.0,Huyện Gia Lâm,khac,8700000000,ban,"8,7 tỷ"
65.0,Huyện Quốc Oai,dat,3800000000,ban,"3,8 tỷ"
475.0,Huyện Thường Tín,dat,1500000000,ban,"1,5 tỷ"
80.0,Quận Hoàng Mai,dat,1250000000,ban,"1,25 tỷ"
80.0,Huyện Chương Mỹ,dat,3200000000,ban,"3,2 tỷ"
80.0,Huyện Đông Anh,dat,6000000000,ban,6 tỷ
25.0,Quận Hoàng Mai,dat,4900000000,ban,"4,9 tỷ"
40.0,Quận Long Biên,khac,5900000000,ban,"5,9 tỷ"
96.0,Quận Long Biên,dat,5150000000,ban,"5,15 tỷ"
84.0,Huyện Đan Phượng,dat,5500000000,ban,"5,5 tỷ"
100.0,Huyện Thạch Thất,khac,1720000000,ban,"1,72 tỷ"
106.0,Huyện Chương Mỹ,dat,1600000000,ban,"1,6 tỷ"
37.0,Quận Long Biên,dat,6300000000,ban,"6,3 tỷ"
113.0,Huyện Gia Lâm,dat,9255000000,ban,"9,255 tỷ"
100.0,Huyện Sóc Sơn,khac,1580000000,ban,"1,58 tỷ"
146.0,Huyện Quốc Oai,dat,6000000000,ban,6 tỷ
84.0,Huyện Mỹ Đức,dat,400000000,ban,400 triệu
59.7999,Huyện Hoài Đức,khac,7000000000,ban,7 tỷ
100.0,Huyện Quốc Oai,dat,2200000000,ban,"2,2 tỷ"
101.0,Huyện Gia Lâm,khac,7500000000,ban,"7,5 tỷ"
67.5998,Huyện Thạch Thất,dat,2250000000,ban,"2,25 tỷ"
100.0,Huyện Thạch Thất,dat,3000000000,ban,3 tỷ
80.0,Huyện Chương Mỹ,dat,2500000000,ban,"2,5 tỷ"
90.0,Huyện Mỹ Đức,dat,399999999,ban,"399,999 triệu"
50.0,Huyện Đông Anh,dat,5800000000,ban,"5,8 tỷ"
52.0,Quận Long Biên,khac,15000000000,ban,15 tỷ
163.0,Huyện Đông Anh,khac,10800000000,ban,"10,8 tỷ"
95.0,Huyện Đông Anh,dat,14500000000,ban,"14,5 tỷ"
125.0,Quận Cầu Giấy,dat,29000000000,ban,29 tỷ
168.0,Quận Long Biên,dat,17500000000,ban,"17,5 tỷ"
40.0,Huyện Gia Lâm,dat,3700000000,ban,"3,7 tỷ"
100.0,Huyện Hoài Đức,dat,2000000000,ban,2 tỷ
100.3,Huyện Sóc Sơn,dat,3500000000,ban,"3,5 tỷ"
67.0,Huyện Thạch Thất,dat,1850000000,ban,"1,85 tỷ"
100.0,Huyện Thạch Thất,khac,2500000000,ban,"2,5 tỷ"
91.0,Huyện Sóc Sơn,dat,2250000000,ban,"2,25 tỷ"
100.0,Huyện Quốc Oai,dat,2500000000,ban,"2,5 tỷ"
58.0,Huyện Sóc Sơn,khac,2100000000,ban,"2,1 tỷ"
151.0,Huyện Mỹ Đức,khac,1390000000,ban,"1,39 tỷ"
45.0,Huyện Mê Linh,dat,1950000000,ban,"1,95 tỷ"
82.0,Quận Long Biên,dat,18900000000,ban,"18,9 tỷ"
152.0,Thị xã Sơn Tây,khac,3900000000,ban,"3,9 tỷ"
80.0,Huyện Chương Mỹ,dat,1100000000,ban,"1,1 tỷ"
38.0,Quận Hà Đông,dat,2900000000,ban,"2,9 tỷ"
50.0,Quận Long Biên,dat,8000000000,ban,8 tỷ
100.0,Huyện Quốc Oai,dat,1900000000,ban,"1,9 tỷ"
54.0,Huyện Hoài Đức,dat,6600000000,ban,"6,6 tỷ"
120.0,Huyện Thạch Thất,dat,3800000000,ban,"3,8 tỷ"
100.0,Huyện Quốc Oai,dat,2600000000,ban,"2,6 tỷ"
100.0,Huyện Quốc Oai,dat,2500000000,ban,"2,5 tỷ"
43.0,Quận Nam Từ Liêm,dat,7300000000,ban,"7,3 tỷ"
76.0,Huyện Sóc Sơn,khac,2200000000,ban,"2,2 tỷ"
42.0,Huyện Đông Anh,khac,2850000000,ban,"2,85 tỷ"
77.0,Huyện Hoài Đức,dat,8400000000,ban,"8,4 tỷ"
35.0,Huyện Gia Lâm,khac,7900000000,ban,"7,9 tỷ"
50.0,Quận Hà Đông,khac,7300000000,ban,"7,3 tỷ"
42.0,Huyện Thanh Trì,dat,4900000000,ban,"4,9 tỷ"
40.0,Quận Hà Đông,dat,4000000000,ban,4 tỷ
180.0,Huyện Thanh Oai,khac,3600000000,ban,"3,6 tỷ"
100.0,Huyện Quốc Oai,dat,3000000000,ban,3 tỷ
125.0,Quận Bắc Từ Liêm,dat,51000000000,ban,51 tỷ
33.0,Quận Hà Đông,dat,4000000000,ban,4 tỷ
62.0,Huyện Đông Anh,dat,5000000000,ban,5 tỷ
100.0,Huyện Thạch Thất,dat,4500000000,ban,"4,5 tỷ"
80.0,Huyện Chương Mỹ,khac,1367000000,ban,"1,367 tỷ"
61.0,Quận Nam Từ Liêm,dat,8300000000,ban,"8,3 tỷ"
80.0,Huyện Chương Mỹ,khac,1708000000,ban,"1,708 tỷ"
42.0,Quận Nam Từ Liêm,dat,6800000000,ban,"6,8 tỷ"
80.0,Huyện Chương Mỹ,dat,1476000000,ban,"1,476 tỷ"
60.0,Quận Hà Đông,dat,3200000000,ban,"3,2 tỷ"
37.0,Quận Thanh Xuân,dat,11500000000,ban,"11,5 tỷ"
65.0,Quận Hà Đông,dat,2800000000,ban,"2,8 tỷ"
92.0,Quận Hai Bà Trưng,dat,15500000000,ban,"15,5 tỷ"
70.0,Quận Nam Từ Liêm,dat,8100000000,ban,"8,1 tỷ"
60.0,Quận Hà Đông,dat,2600000000,ban,"2,6 tỷ"
32.0,Quận Hà Đông,khac,5950000000,ban,"5,95 tỷ"
62.5,Quận Hoàng Mai,dat,11800000000,ban,"11,8 tỷ"
52.0,Quận Long Biên,dat,11100000000,ban,"11,1 tỷ"
92.0,Huyện Thạch Thất,khac,4500000000,ban,"4,5 tỷ"
187.0,Huyện Quốc Oai,dat,2850000000,ban,"2,85 tỷ"
86.5,Huyện Chương Mỹ,dat,4190000000,ban,"4,19 tỷ"
80.0,Huyện Chương Mỹ,dat,1710000000,ban,"1,71 tỷ"
93.0,Huyện Thanh Oai,dat,8700000000,ban,"8,7 tỷ"
60.0,Huyện Đông Anh,khac,5500000000,ban,"5,5 tỷ"
68.0,Huyện Đông Anh,dat,15500000000,ban,"15,5 tỷ"
196.0,Huyện Gia Lâm,dat,11500000000,ban,"11,5 tỷ"
50.0,Quận Hà Đông,dat,9500000000,ban,"9,5 tỷ"
32.0,Quận Long Biên,dat,5600000000,ban,"5,6 tỷ"
300.0,Huyện Quốc Oai,dat,15000000000,ban,15 tỷ
92.5,Huyện Mê Linh,dat,5000000000,ban,5 tỷ
62.0,Quận Long Biên,dat,8600000000,ban,"8,6 tỷ"
85.0,Huyện Chương Mỹ,dat,1370000000,ban,"1,37 tỷ"
90.0,Huyện Sóc Sơn,dat,5100000000,ban,"5,1 tỷ"
110.0,Huyện Quốc Oai,khac,2568133346,ban,"2,568 tỷ"
61.5,Huyện Thạch Thất,dat,2300000000,ban,"2,3 tỷ"
100.0,Huyện Quốc Oai,khac,3600000000,ban,"3,6 tỷ"
128.0,Huyện Thạch Thất,dat,4500000000,ban,"4,5 tỷ"
54.0,Huyện Gia Lâm,dat,7500000000,ban,"7,5 tỷ"
100.0,Huyện Quốc Oai,dat,2600000000,ban,"2,6 tỷ"
100.0,Thị xã Sơn Tây,khac,3300000000,ban,"3,3 tỷ"
100.0,Huyện Chương Mỹ,dat,2700000000,ban,"2,7 tỷ"
106.0,Huyện Đông Anh,dat,21700000000,ban,"21,7 tỷ"
53.0,Huyện Đông Anh,dat,5200000000,ban,"5,2 tỷ"
55.0,Huyện Thanh Trì,dat,7425000000,ban,"7,425 tỷ"
72.0,Quận Tây Hồ,dat,13900000000,ban,"13,9 tỷ"
55.0,Quận Hai Bà Trưng,dat,16850000000,ban,"16,85 tỷ"
38.0,Quận Hà Đông,khac,2990000000,ban,"2,99 tỷ"
107.0,Huyện Quốc Oai,dat,4760000000,ban,"4,76 tỷ"
112.0,Quận Long Biên,dat,9500000000,ban,"9,5 tỷ"
100.0,Huyện Thạch Thất,dat,5200000000,ban,"5,2 tỷ"
69.0,Huyện Đông Anh,dat,7900000000,ban,"7,9 tỷ"
43.0,Quận Hoàng Mai,dat,6900000000,ban,"6,9 tỷ"
66.0,Huyện Đông Anh,dat,5748000000,ban,"5,748 tỷ"
459.0,Huyện Phúc Thọ,dat,21000000000,ban,21 tỷ
43.0,Quận Long Biên,dat,5800000000,ban,"5,8 tỷ"
50.0,Quận Cầu Giấy,dat,8200000000,ban,"8,2 tỷ"
124.0,Huyện Phúc Thọ,khac,7400000000,ban,"7,4 tỷ"
48.0,Quận Bắc Từ Liêm,dat,10500000000,ban,"10,5 tỷ"
145.0,Thị xã Sơn Tây,dat,3300000000,ban,"3,3 tỷ"
100.0,Thị xã Sơn Tây,khac,3200000000,ban,"3,2 tỷ"
58.0,Huyện Mê Linh,dat,2900000000,ban,"2,9 tỷ"
205.0,Quận Hai Bà Trưng,khac,44000000000,ban,44 tỷ
57.0,Huyện Đông Anh,dat,1500000000,ban,"1,5 tỷ"
82.5999,Quận Bắc Từ Liêm,dat,9950000000,ban,"9,95 tỷ"
55.0,Quận Ba Đình,khac,12500000000,ban,"12,5 tỷ"
90.0,Quận Cầu Giấy,khac,33000000000,ban,33 tỷ
61.0,Thị xã Sơn Tây,dat,2400000000,ban,"2,4 tỷ"
100.0,Huyện Thạch Thất,khac,4000000000,ban,4 tỷ
100.0,Quận Bắc Từ Liêm,dat,17800000000,ban,"17,8 tỷ"
176.0,Quận Tây Hồ,biet_thu,98000000000,ban,98 tỷ
58.0,Quận Bắc Từ Liêm,dat,11000000000,ban,11 tỷ
58.0,Quận Bắc Từ Liêm,dat,11200000000,ban,"11,2 tỷ"
177.0,Quận Thanh Xuân,khac,5200000000,ban,"5,2 tỷ"
55.0,Quận Long Biên,dat,6100000000,ban,"6,1 tỷ"
50.0,Quận Hà Đông,dat,12800000000,ban,"12,8 tỷ"
177.0,Huyện Gia Lâm,dat,12000000000,ban,12 tỷ
32.0,Quận Hà Đông,dat,6000000000,ban,6 tỷ
100.0,Thị xã Sơn Tây,dat,2500000000,ban,"2,5 tỷ"
80.0,Quận Bắc Từ Liêm,dat,21500000000,ban,"21,5 tỷ"
126.8,Huyện Gia Lâm,dat,6000000000,ban,6 tỷ
50.0,Huyện Phú Xuyên,dat,850000000,ban,850 triệu
80.0,Huyện Chương Mỹ,dat,1410000000,ban,"1,41 tỷ"
80.0,Huyện Chương Mỹ,khac,1450000000,ban,"1,45 tỷ"
1640.0,Huyện Sóc Sơn,khac,7400000000,ban,"7,4 tỷ"
80.0,Huyện Chương Mỹ,dat,1200000000,ban,"1,2 tỷ"
51.5998,Quận Long Biên,dat,10900000000,ban,"10,9 tỷ"
3200.0,Quận Hoàng Mai,dat,120000000,ban,120 triệu/tháng
65.0,Quận Long Biên,dat,16950000000,ban,"16,95 tỷ"
68.0,Huyện Đông Anh,khac,3400000000,ban,"3,4 tỷ"
80.0,Quận Long Biên,dat,15500000000,ban,"15,5 tỷ"
90.0,Quận Long Biên,dat,18300000000,ban,"18,3 tỷ"
56.0,Quận Hà Đông,dat,9500000000,ban,"9,5 tỷ"
50.0,Quận Hà Đông,dat,12900000000,ban,"12,9 tỷ"
65.0,Huyện Chương Mỹ,khac,3500000000,ban,"3,5 tỷ"
50.0,Quận Hà Đông,dat,12400000000,ban,"12,4 tỷ"
134.0,Huyện Đông Anh,khac,7750000000,ban,"7,75 tỷ"
111.0,Huyện Đông Anh,dat,9850000000,ban,"9,85 tỷ"
80.0,Huyện Đông Anh,khac,11000000000,ban,11 tỷ
180.0,Huyện Đông Anh,dat,16600000000,ban,"16,6 tỷ"
60.0,Quận Nam Từ Liêm,khac,1080000000,ban,"1,08 tỷ"
90.0,Huyện Đông Anh,dat,7200000000,ban,"7,2 tỷ"
42.9,Huyện Đông Anh,dat,4000000000,ban,4 tỷ
40.0,Huyện Đông Anh,dat,4100000000,ban,"4,1 tỷ"
41.2999,Quận Hà Đông,dat,6600000000,ban,"6,6 tỷ"
62.0,Quận Hoàng Mai,dat,8500000000,ban,"8,5 tỷ"
94.0,Quận Tây Hồ,dat,50900000000,ban,"50,9 tỷ"
40.5999,Huyện Thanh Trì,dat,2600000000,ban,"2,6 tỷ"
81.3,Huyện Thường Tín,dat,5486900000,ban,"5,486 tỷ"
103.0,Huyện Quốc Oai,dat,618000000,ban,618 triệu
35.0,Huyện Đông Anh,khac,2650000000,ban,"2,65 tỷ"
106.0,Huyện Sóc Sơn,khac,1730000000,ban,"1,73 tỷ"
100.0,Thị xã Sơn Tây,dat,4000000000,ban,4 tỷ
90.0,Huyện Mê Linh,dat,9100000000,ban,"9,1 tỷ"
150.0,Huyện Ba Vì,khac,2250000000,ban,"2,25 tỷ"
76.0,Huyện Thạch Thất,khac,2299000000,ban,"2,299 tỷ"
2200.0,Huyện Ba Vì,dat,11000000000,ban,11 tỷ
150.0,Quận Tây Hồ,dat,36000000000,ban,36 tỷ
40.0,Huyện Thanh Trì,dat,2900000000,ban,"2,9 tỷ"
100.0,Huyện Quốc Oai,khac,3500000000,ban,"3,5 tỷ"
150.0,Huyện Ba Vì,khac,1800000000,ban,"1,8 tỷ"
108.0,Huyện Sóc Sơn,dat,3200000000,ban,"3,2 tỷ"
86.4,Huyện Sóc Sơn,dat,2590000000,ban,"2,59 tỷ"
51.0,Huyện Gia Lâm,dat,3300000000,ban,"3,3 tỷ"
50.0,Quận Bắc Từ Liêm,dat,8750000000,ban,"8,75 tỷ"
100.0,Huyện Ba Vì,dat,768000000,ban,768 triệu
77.0,Huyện Chương Mỹ,dat,5500000000,ban,"5,5 tỷ"
50.0,Quận Nam Từ Liêm,dat,11000000000,ban,11 tỷ
180.0,Quận Hoàng Mai,dat,4620000000,ban,"4,62 tỷ"
70.0,Quận Hoàng Mai,dat,1450000000,ban,"1,45 tỷ"
50.0,Quận Hà Đông,dat,2800000000,ban,"2,8 tỷ"
147.0,Thị xã Sơn Tây,dat,2500000000,ban,"2,5 tỷ"
76.0,Huyện Đông Anh,dat,10800000000,ban,"10,8 tỷ"
90.0,Quận Hà Đông,dat,1800000000,ban,"1,8 tỷ"
151.0,Huyện Thạch Thất,dat,4000000000,ban,4 tỷ
88.0,Huyện Chương Mỹ,khac,2800000000,ban,"2,8 tỷ"
80.0,Huyện Sóc Sơn,khac,2090000000,ban,"2,09 tỷ"
75.0,Huyện Quốc Oai,dat,5500000000,ban,"5,5 tỷ"
102.0,Huyện Sóc Sơn,khac,2890000000,ban,"2,89 tỷ"
100.0,Huyện Sóc Sơn,dat,880000000,ban,880 triệu
100.0,Huyện Quốc Oai,khac,3500000000,ban,"3,5 tỷ"
70.0,Huyện Quốc Oai,dat,2500000000,ban,"2,5 tỷ"
205.0,Quận Hai Bà Trưng,khac,44000000000,ban,44 tỷ
28.0,Quận Hoàng Mai,dat,4900000000,ban,"4,9 tỷ"
50.0,Quận Nam Từ Liêm,dat,10900000000,ban,"10,9 tỷ"
50.0,Quận Nam Từ Liêm,dat,10900000000,ban,"10,9 tỷ"
53.0,Quận Bắc Từ Liêm,dat,4484000000,ban,"4,484 tỷ"
40.0,Quận Long Biên,dat,12000000000,ban,12 tỷ
83.0,Quận Long Biên,dat,21000000000,ban,21 tỷ
126.0,Huyện Ba Vì,dat,1750000000,ban,"1,75 tỷ"
50.0,Quận Long Biên,dat,8300000000,ban,"8,3 tỷ"
50.0,Quận Long Biên,dat,8200000000,ban,"8,2 tỷ"
90.0,Quận Long Biên,dat,40400000000,ban,"40,4 tỷ"
70.0,Huyện Đông Anh,dat,3850000000,ban,"3,85 tỷ"
65.0,Quận Long Biên,dat,17300000000,ban,"17,3 tỷ"
100.0,Huyện Quốc Oai,dat,2300000000,ban,"2,3 tỷ"
374.0,Quận Hà Đông,dat,26900000000,ban,"26,9 tỷ"
80.0,Quận Bắc Từ Liêm,khac,7200000000,ban,"7,2 tỷ"
500.0,Huyện Thường Tín,khac,10000000,ban,10 triệu
44.0,Quận Bắc Từ Liêm,dat,9000000000,ban,9 tỷ
64.0,Quận Bắc Từ Liêm,dat,9500000000,ban,"9,5 tỷ"
150.0,Huyện Ba Vì,khac,1390000000,ban,"1,39 tỷ"
100.0,Thị xã Sơn Tây,dat,2000000000,ban,2 tỷ
45.0,Quận Long Biên,dat,9200000000,ban,"9,2 tỷ"
197.0,Quận Bắc Từ Liêm,khac,16000000000,ban,16 tỷ
116.0,Huyện Quốc Oai,khac,4814000000,ban,"4,814 tỷ"
100.0,Thị xã Sơn Tây,khac,3599000000,ban,"3,599 tỷ"
87.0,Huyện Phúc Thọ,dat,3500000000,ban,"3,5 tỷ"
90.0,Huyện Hoài Đức,dat,4000000000,ban,4 tỷ
86.8,Huyện Thạch Thất,dat,3750000000,ban,"3,75 tỷ"
140.0,Huyện Đông Anh,dat,11500000000,ban,"11,5 tỷ"
100.0,Thị xã Sơn Tây,dat,3200000000,ban,"3,2 tỷ"
80.0,Quận Cầu Giấy,dat,33500000000,ban,"33,5 tỷ"
100.0,Thị xã Sơn Tây,dat,1890000000,ban,"1,89 tỷ"
40.0,Quận Long Biên,khac,5600000000,ban,"5,6 tỷ"
40.0,Quận Bắc Từ Liêm,dat,8500000000,ban,"8,5 tỷ"
50.0,Huyện Phú Xuyên,dat,900000000,ban,900 triệu
75.0,Quận Long Biên,dat,7600000000,ban,"7,6 tỷ"
100.0,Huyện Thạch Thất,dat,2140000000,ban,"2,14 tỷ"
84.0,Huyện Thạch Thất,dat,55000000,ban,55 triệu
94.5998,Huyện Mỹ Đức,dat,3700000000,ban,"3,7 tỷ"
78.0,Huyện Thường Tín,dat,5500000000,ban,"5,5 tỷ"
85.0,Huyện Thạch Thất,khac,2390000000,ban,"2,39 tỷ"
236.0,Quận Bắc Từ Liêm,dat,35400000000,ban,"35,4 tỷ"
43.0,Huyện Đông Anh,dat,4950000000,ban,"4,95 tỷ"
60.7999,Thị xã Sơn Tây,dat,2000000000,ban,2 tỷ
31.0,Quận Bắc Từ Liêm,dat,4900000000,ban,"4,9 tỷ"
89.8,Huyện Gia Lâm,khac,7813000000,ban,"7,813 tỷ"
100.0,Huyện Mê Linh,khac,4900000000,ban,"4,9 tỷ"
80.0,Huyện Chương Mỹ,dat,1550000000,ban,"1,55 tỷ"
40.0,Quận Long Biên,dat,6500000000,ban,"6,5 tỷ"
40.0,Huyện Đông Anh,khac,2650000000,ban,"2,65 tỷ"
112.0,Huyện Sóc Sơn,dat,3200000000,ban,"3,2 tỷ"
81.0,Quận Long Biên,khac,13900000000,ban,"13,9 tỷ"
60.0,Thị xã Sơn Tây,dat,3500000000,ban,"3,5 tỷ"
30.0499,Quận Bắc Từ Liêm,dat,8800000000,ban,"8,8 tỷ"
85.0,Huyện Thạch Thất,khac,1200000000,ban,"1,2 tỷ"
60.0,Quận Long Biên,khac,1800000,ban,"1,8 triệu/tháng"
143.0,Huyện Phúc Thọ,dat,7150000000,ban,"7,15 tỷ"
50.0,Quận Bắc Từ Liêm,dat,7000000000,ban,7 tỷ
52.0,Huyện Gia Lâm,dat,2400000000,ban,"2,4 tỷ"
62.0,Huyện Thạch Thất,khac,2200000000,ban,"2,2 tỷ"
100.0,Huyện Quốc Oai,dat,3850000000,ban,"3,85 tỷ"
100.0,Huyện Thạch Thất,dat,2500000000,ban,"2,5 tỷ"
317.1,Huyện Hoài Đức,dat,39000000000,ban,39 tỷ
92.0,Quận Ba Đình,dat,16500000000,ban,"16,5 tỷ"
586.0,Huyện Chương Mỹ,dat,5500000000,ban,"5,5 tỷ"
900.0,Quận Bắc Từ Liêm,dat,27000000000,ban,27 tỷ
101.0,Huyện Sóc Sơn,dat,785000000,ban,785 triệu
61.5,Huyện Thạch Thất,dat,2350000000,ban,"2,35 tỷ"
78.0,Huyện Thạch Thất,khac,2450000000,ban,"2,45 tỷ"
190.6,Huyện Sóc Sơn,dat,5718000000,ban,"5,718 tỷ"
150.0,Huyện Đông Anh,dat,4900000000,ban,"4,9 tỷ"
60.0,Thị xã Sơn Tây,khac,2850000000,ban,"2,85 tỷ"
97.0,Quận Nam Từ Liêm,khac,31000000000,ban,31 tỷ
946.0,Huyện Hoài Đức,khac,3200000000,ban,"3,2 tỷ"
45.0,Quận Hà Đông,dat,4298000000,ban,"4,298 tỷ"
10000.0,Huyện Thanh Trì,khac,165000000000,ban,165 tỷ
70.0,Quận Bắc Từ Liêm,dat,11200000000,ban,"11,2 tỷ"
80.0,Huyện Mỹ Đức,dat,2400000000,ban,"2,4 tỷ"
77.0,Quận Long Biên,dat,11500000000,ban,"11,5 tỷ"
151.0,Huyện Phú Xuyên,khac,6000000000,ban,6 tỷ
110.0,Huyện Thạch Thất,dat,3905000000,ban,"3,905 tỷ"
100.0,Thị xã Sơn Tây,dat,3200000000,ban,"3,2 tỷ"
42.0,Quận Nam Từ Liêm,dat,8000000000,ban,8 tỷ
531.0,Huyện Ba Vì,dat,3080000000,ban,"3,08 tỷ"
90.0,Huyện Quốc Oai,dat,2450000000,ban,"2,45 tỷ"
50.0,Quận Nam Từ Liêm,dat,6000000000,ban,6 tỷ
90.0,Huyện Quốc Oai,dat,2500000000,ban,"2,5 tỷ"
110.0,Quận Tây Hồ,dat,23000000000,ban,23 tỷ
318.0,Huyện Quốc Oai,dat,2050000000,ban,"2,05 tỷ"
111.1999,Huyện Đông Anh,dat,16124000000,ban,"16,124 tỷ"
100.0,Huyện Thạch Thất,dat,2200000000,ban,"2,2 tỷ"
40.0,Quận Long Biên,dat,13000000000,ban,13 tỷ
50.0,Quận Long Biên,dat,9500000000,ban,"9,5 tỷ"
50.0,Huyện Sóc Sơn,dat,1700000000,ban,"1,7 tỷ"
150.0,Huyện Ba Vì,khac,2400000000,ban,"2,4 tỷ"
100.0,Quận Bắc Từ Liêm,dat,14000000000,ban,14 tỷ
52.0,Huyện Hoài Đức,dat,11000000000,ban,11 tỷ
80.5998,Huyện Ứng Hòa,dat,2579200000,ban,"2,579 tỷ"
81.0998,Huyện Chương Mỹ,dat,1700000000,ban,"1,7 tỷ"
104.0,Thị xã Sơn Tây,khac,3100000000,ban,"3,1 tỷ"
107.0998,Huyện Mỹ Đức,dat,3200000000,ban,"3,2 tỷ"
64.0,Huyện Thanh Oai,dat,4500000000,ban,"4,5 tỷ"
48.0,Huyện Hoài Đức,dat,3200000000,ban,"3,2 tỷ"
58.0,Huyện Đông Anh,dat,5800000000,ban,"5,8 tỷ"
62.2999,Huyện Hoài Đức,dat,5200000000,ban,"5,2 tỷ"
54.0,Huyện Hoài Đức,dat,7200000000,ban,"7,2 tỷ"
148.0,Thị xã Sơn Tây,dat,2350000000,ban,"2,35 tỷ"
102.0,Huyện Hoài Đức,dat,6700000000,ban,"6,7 tỷ"
80.0,Huyện Đông Anh,dat,16800000000,ban,"16,8 tỷ"
89.5,Huyện Mỹ Đức,dat,1700000000,ban,"1,7 tỷ"
86.0,Huyện Chương Mỹ,dat,1500000000,ban,"1,5 tỷ"
451.0,Huyện Quốc Oai,dat,8888888888,ban,"8,888 tỷ"
33.0,Quận Bắc Từ Liêm,dat,5500000000,ban,"5,5 tỷ"
91.6999,Huyện Mỹ Đức,dat,1400000000,ban,"1,4 tỷ"
66.0,Huyện Đông Anh,khac,5000000000,ban,5 tỷ
431.0,Huyện Quốc Oai,dat,8000000,ban,8 triệu/tháng
100.0,Huyện Thạch Thất,dat,3300000000,ban,"3,3 tỷ"
32.0,Quận Bắc Từ Liêm,dat,8800000000,ban,"8,8 tỷ"
95.0,Huyện Thạch Thất,dat,2950000000,ban,"2,95 tỷ"
100.0,Huyện Quốc Oai,dat,2500000000,ban,"2,5 tỷ"
70.0,Quận Long Biên,dat,25000000000,ban,25 tỷ
68.0,Quận Cầu Giấy,dat,16000000000,ban,16 tỷ
124.0,Huyện Phúc Thọ,dat,7500000000,ban,"7,5 tỷ"
169.0,Huyện Mê Linh,dat,11800000000,ban,"11,8 tỷ"
32.0,Huyện Gia Lâm,khac,7360000000,ban,"7,36 tỷ"
85.0,Huyện Gia Lâm,dat,4600000000,ban,"4,6 tỷ"
113.0,Huyện Thạch Thất,dat,3955000000,ban,"3,955 tỷ"
55.0,Huyện Hoài Đức,dat,5200000000,ban,"5,2 tỷ"
100.0,Huyện Quốc Oai,dat,3000000000,ban,3 tỷ
80.0,Huyện Chương Mỹ,dat,1700000000,ban,"1,7 tỷ"
240.0,Huyện Đông Anh,dat,15000000,ban,15 triệu/tháng
110.0,Huyện Thạch Thất,dat,3000000000,ban,3 tỷ
100.0,Huyện Phúc Thọ,dat,6500000000,ban,"6,5 tỷ"
100.0,Thị xã Sơn Tây,dat,2000000000,ban,2 tỷ
77.0,Huyện Sóc Sơn,dat,2150000000,ban,"2,15 tỷ"
140.0,Huyện Gia Lâm,khac,13500000000,ban,"13,5 tỷ"
52.0,Huyện Thanh Trì,dat,7500000000,ban,"7,5 tỷ"
400.0,Quận Long Biên,dat,1200000000,ban,"1,2 tỷ"
927.0,Huyện Ba Vì,dat,5100000000,ban,"5,1 tỷ"
85.0,Huyện Đông Anh,khac,6600000000,ban,"6,6 tỷ"
78.9,Huyện Chương Mỹ,dat,2150000000,ban,"2,15 tỷ"
100.0,Huyện Quốc Oai,dat,3100000000,ban,"3,1 tỷ"
32.0,Quận Hà Đông,khac,7300000000,ban,"7,3 tỷ"
451.0,Huyện Quốc Oai,khac,9909000000,ban,"9,909 tỷ"
335.2,Huyện Quốc Oai,dat,6780000000,ban,"6,78 tỷ"
120.0,Huyện Phú Xuyên,dat,120000000,ban,120 triệu
100.0,Huyện Chương Mỹ,khac,2100000000,ban,"2,1 tỷ"
50.0,Huyện Đan Phượng,dat,7100000000,ban,"7,1 tỷ"
50.0,Quận Hoàng Mai,dat,22000000000,ban,22 tỷ
100.0,Huyện Quốc Oai,dat,3600000000,ban,"3,6 tỷ"
80.0,Quận Nam Từ Liêm,khac,6000000,ban,6 triệu/tháng
155.0,Quận Nam Từ Liêm,dat,65000000000,ban,65 tỷ
85.0,Quận Long Biên,dat,17000000000,ban,17 tỷ
72.0,Thị xã Sơn Tây,dat,1250000000,ban,"1,25 tỷ"
78.0,Huyện Chương Mỹ,khac,4300000000,ban,"4,3 tỷ"
