area,district,property_type,price,listing_type,price_ty
65.0,Huyện Đông Anh,nha_pho,7250000000,ban,7.25
60.7999,Quận Cầu Giấy,nha_pho,27888666000,ban,27.888666
42.0,Quận Hai Bà Trưng,nha_pho,11500000000,ban,11.5
55.0,Quận Long Biên,nha_pho,12500000000,ban,12.5
148.0,Quận Long Biên,biet_thu,38000000000,ban,38.0
60.0,Quận Long Biên,nha_pho,13600000000,ban,13.6
70.0,Quận Long Biên,nha_pho,16800000000,ban,16.8
25.0,Quận Hà Đông,nha_pho,6500000000,ban,6.5
33.0,Quận Nam Từ Liêm,nha_pho,8400000000,ban,8.4
27.0,Quận Hai Bà Trưng,nha_pho,6150000000,ban,6.15
50.0,Quận Đống Đa,nha_pho,9500000000,ban,9.5
40.0,Quận Hoàng Mai,nha_pho,8900000000,ban,8.9
75.0,Quận Hoàng Mai,nha_pho,15900000000,ban,15.9
34.0,Quận Nam Từ Liêm,nha_pho,8100000000,ban,8.1
55.0,Quận Hà Đông,nha_pho,8600000000,ban,8.6
88.0,Quận Long Biên,nha_pho,20600000000,ban,20.6
63.0,Quận Hà Đông,nha_pho,17000000000,ban,17.0
58.0,Quận Thanh Xuân,nha_pho,11120000000,ban,11.12
50.0,Quận Thanh Xuân,nha_pho,10900000000,ban,10.9
45.0,Quận Hoàng Mai,nha_pho,11750000000,ban,11.75
75.0,Quận Ba Đình,nha_pho,48500000000,ban,48.5
55.0,Huyện Thanh Trì,nha_pho,650000000,ban,0.65
50.0,Quận Thanh Xuân,nha_pho,18250000000,ban,18.25
36.0,Quận Hoàng Mai,nha_pho,8810000000,ban,8.81
48.0,Quận Thanh Xuân,nha_pho,20650000000,ban,20.65
45.0,Quận Thanh Xuân,nha_pho,11000000000,ban,11.0
32.0,Quận Long Biên,nha_pho,6600000000,ban,6.6
30.0,Quận Cầu Giấy,nha_pho,8100000000,ban,8.1
41.0,Quận Thanh Xuân,nha_pho,10000000000,ban,10.0
42.0,Quận Long Biên,nha_pho,9000000000,ban,9.0
47.0,Quận Ba Đình,nha_pho,12950000000,ban,12.95
50.0,Quận Hai Bà Trưng,nha_pho,15950000000,ban,15.95
73.0,Quận Cầu Giấy,nha_pho,48900000000,ban,48.9
20.0,Quận Thanh Xuân,nha_pho,5600000000,ban,5.6
50.0,Quận Hà Đông,nha_pho,8500000000,ban,8.5
34.0,Quận Hà Đông,nha_pho,5300000000,ban,5.3
41.0,Quận Hoàng Mai,nha_pho,17500000000,ban,17.5
44.0,Quận Hà Đông,nha_pho,13900000000,ban,13.9
98.0,Quận Hà Đông,nha_pho,36000000000,ban,36.0
50.0,Quận Long Biên,nha_pho,12800000000,ban,12.8
68.0,Quận Long Biên,nha_pho,10800000000,ban,10.8
37.0,Quận Nam Từ Liêm,nha_pho,6390000000,ban,6.39
56.0,Quận Long Biên,nha_pho,12000000000,ban,12.0
50.0,Quận Hoàng Mai,nha_pho,19400000000,ban,19.4
24.0,Quận Đống Đa,nha_pho,4380000000,ban,4.38
48.0,Quận Long Biên,nha_pho,8500000000,ban,8.5
40.0,Quận Cầu Giấy,nha_pho,14000000000,ban,14.0
58.0,Quận Hà Đông,nha_pho,8686000000,ban,8.686
47.0,Quận Hai Bà Trưng,nha_pho,15800000000,ban,15.8
66.0,Quận Long Biên,nha_pho,17600000000,ban,17.6
33.0,Quận Thanh Xuân,nha_pho,7900000000,ban,7.9
40.0,Quận Bắc Từ Liêm,nha_pho,12500000000,ban,12.5
66.5,Quận Cầu Giấy,nha_pho,20300000000,ban,20.3
50.0,Quận Hai Bà Trưng,nha_pho,11300000000,ban,11.3
65.1998,Quận Hoàng Mai,nha_pho,9700000000,ban,9.7
50.0,Quận Long Biên,nha_pho,13800000000,ban,13.8
40.0,Quận Bắc Từ Liêm,nha_pho,8000000000,ban,8.0
34.0,Quận Hà Đông,nha_pho,5500000000,ban,5.5
65.0,Quận Hai Bà Trưng,nha_pho,40500000000,ban,40.5
40.0,Quận Long Biên,nha_pho,11500000000,ban,11.5
146.0,Quận Bắc Từ Liêm,nha_pho,40000000000,ban,40.0
35.0,Quận Long Biên,nha_pho,9000000000,ban,9.0
39.0,Quận Long Biên,nha_pho,8300000000,ban,8.3
87.0,Huyện Hoài Đức,nha_pho,6200000000,ban,6.2
46.0,Quận Long Biên,nha_pho,8500000000,ban,8.5
58.5,Huyện Thanh Oai,nha_pho,5600000000,ban,5.6
32.0,Quận Cầu Giấy,nha_pho,8100000000,ban,8.1
37.0,Quận Hoàng Mai,nha_pho,9600000000,ban,9.6
25.0,Quận Hai Bà Trưng,nha_pho,6200000000,ban,6.2
35.0,Huyện Gia Lâm,nha_pho,5800000000,ban,5.8
50.0,Quận Long Biên,nha_pho,11800000000,ban,11.8
45.0,Quận Nam Từ Liêm,nha_pho,9200000000,ban,9.2
50.0,Quận Long Biên,nha_pho,12000000000,ban,12.0
35.0,Quận Long Biên,nha_pho,5900000000,ban,5.9
55.0,Quận Nam Từ Liêm,nha_pho,12500000000,ban,12.5
70.0,Quận Nam Từ Liêm,nha_pho,8600000000,ban,8.6
65.0,Quận Long Biên,nha_pho,13600000000,ban,13.6
20.0,Quận Hai Bà Trưng,nha_pho,5000000000,ban,5.0
33.0,Huyện Thanh Oai,nha_pho,3100000000,ban,3.1
900.0,Huyện Sóc Sơn,nha_pho,17000000000,ban,17.0
368.0,Huyện Sóc Sơn,dat,1600000000,ban,1.6
45.0,Quận Hai Bà Trưng,nha_pho,12000000000,ban,12.0
41.0,Huyện Phúc Thọ,dat,1450000000,ban,1.45
37.0,Huyện Thanh Trì,dat,4500000000,ban,4.5
56.0,Huyện Đông Anh,nha_pho,3750000000,ban,3.75
98.1998,Huyện Chương Mỹ,dat,2650000000,ban,2.65
129.0,Huyện Sóc Sơn,nha_pho,2600000000,ban,2.6
60.0,Quận Bắc Từ Liêm,dat,11800000000,ban,11.8
80.0,Huyện Thường Tín,dat,4300000000,ban,4.3
116.0,Huyện Đông Anh,dat,6800000000,ban,6.8
95.0,Huyện Gia Lâm,dat,7050000000,ban,7.05
45.0999,Huyện Gia Lâm,dat,9200000000,ban,9.2
539.0,Huyện Ba Vì,dat,5300000000,ban,5.3
950.0,Huyện Ba Vì,dat,12500000000,ban,12.5
55.0,Quận Long Biên,dat,12000000000,ban,12.0
68.0,Huyện Phúc Thọ,dat,2210000000,ban,2.21
506.0,Thị xã Sơn Tây,biet_thu,3700000000,ban,3.7
58.0,Huyện Mê Linh,dat,1500000000,ban,1.5
48.0,Quận Hà Đông,dat,9000000000,ban,9.0
78.4,Huyện Thanh Oai,dat,9000000000,ban,9.0
32.0,Quận Nam Từ Liêm,dat,5290000000,ban,5.29
80.0,Huyện Đông Anh,dat,5200000000,ban,5.2
100.0,Huyện Quốc Oai,nha_pho,2400000000,ban,2.4
106.0,Huyện Đông Anh,nha_pho,10550000000,ban,10.55
50.0,Quận Long Biên,dat,10500000000,ban,10.5
40.0,Quận Bắc Từ Liêm,dat,4700000000,ban,4.7
124.0,Huyện Thạch Thất,dat,3120000000,ban,3.12
100.0,Huyện Quốc Oai,nha_pho,2900000000,ban,2.9
41.0,Quận Hà Đông,dat,2920000000,ban,2.92
386.0,Huyện Sóc Sơn,dat,1700000000,ban,1.7
84.0,Huyện Thanh Trì,dat,12900000000,ban,12.9
82.0,Huyện Thường Tín,dat,5700000000,ban,5.7
45.0,Huyện Gia Lâm,dat,3600000000,ban,3.6
37.5,Huyện Thanh Trì,dat,4600000000,ban,4.6
81.0,Quận Long Biên,dat,13900000000,ban,13.9
80.0,Quận Long Biên,nha_pho,21900000000,ban,21.9
150.0,Quận Hà Đông,biet_thu,5400000000,ban,5.4
70.0,Huyện Sóc Sơn,dat,3600000000,ban,3.6
126.0,Huyện Sóc Sơn,dat,2500000000,ban,2.5
100.0,Huyện Sóc Sơn,dat,1111150000,ban,1.11115
37.0,Quận Long Biên,dat,5800000000,ban,5.8
67.1999,Huyện Đông Anh,dat,3800000000,ban,3.8
95.0,Huyện Hoài Đức,dat,6300000000,ban,6.3
81.0,Huyện Thường Tín,dat,5550000000,ban,5.55
46.0,Quận Long Biên,dat,4300000000,ban,4.3
40.0,Quận Bắc Từ Liêm,dat,4600000000,ban,4.6
62.2999,Huyện Chương Mỹ,dat,2300000000,ban,2.3
46.0,Quận Long Biên,dat,4300000000,ban,4.3
62.5,Huyện Đông Anh,dat,5750000000,ban,5.75
818.0,Huyện Mỹ Đức,nha_pho,1200000000,ban,1.2
85.0,Huyện Quốc Oai,dat,5150000000,ban,5.15
57.0,Quận Tây Hồ,dat,12900000000,ban,12.9
61.5,Huyện Thạch Thất,nha_pho,1750000000,ban,1.75
50.0,Quận Hà Đông,dat,15500000000,ban,15.5
300.0,Quận Bắc Từ Liêm,nha_pho,750000000,ban,0.75
35.0,Huyện Thanh Trì,nha_pho,3850000000,ban,3.85
107.0,Quận Hoàng Mai,dat,32000000000,ban,32.0
2300.0,Huyện Thạch Thất,dat,18500000000,ban,18.5
104.0,Huyện Đông Anh,dat,6500000000,ban,6.5
100.0,Huyện Quốc Oai,dat,3947831325,ban,3.947831325
41.0,Huyện Đông Anh,dat,2880000000,ban,2.88
61.0,Huyện Gia Lâm,dat,5600000000,ban,5.6
115.0,Huyện Sóc Sơn,nha_pho,3500000000,ban,3.5
60.0,Huyện Thanh Trì,nha_pho,4700000000,ban,4.7
80.0,Huyện Chương Mỹ,nha_pho,1400000000,ban,1.4
78.0,Huyện Sóc Sơn,nha_pho,2150000000,ban,2.15
60.0,Huyện Sóc Sơn,dat,2600000000,ban,2.6
56.0,Huyện Đông Anh,dat,4100000000,ban,4.1
86.0,Huyện Chương Mỹ,dat,1400000000,ban,1.4
166.0,Quận Long Biên,dat,24000000000,ban,24.0
100.0,Huyện Thường Tín,dat,700000000,ban,0.7
74.0,Quận Hà Đông,dat,9900000000,ban,9.9
66.0,Quận Hai Bà Trưng,dat,11880000000,ban,11.88
125.0,Huyện Ba Vì,dat,1750000000,ban,1.75
76.0,Huyện Chương Mỹ,nha_pho,3500000000,ban,3.5
86.0,Huyện Chương Mỹ,dat,1368000000,ban,1.368
60.7999,Huyện Thanh Trì,dat,7200000000,ban,7.2
56.0,Huyện Mê Linh,nha_pho,2500000000,ban,2.5
58.0,Huyện Mê Linh,dat,3500000000,ban,3.5
120.0,Huyện Đông Anh,dat,9000000000,ban,9.0
100.0,Huyện Quốc Oai,dat,2300000000,ban,2.3
60.0,Huyện Thạch Thất,nha_pho,1680000000,ban,1.68
240.0,Huyện Thanh Oai,dat,13400000000,ban,13.4
60.0,Thị xã Sơn Tây,dat,2050000000,ban,2.05
70.0,Thị xã Sơn Tây,nha_pho,1200000000,ban,1.2
98.0,Huyện Đông Anh,dat,10800000000,ban,10.8
100.0,Huyện Thạch Thất,nha_pho,4300000000,ban,4.3
574.0,Quận Ba Đình,dat,220000000000,ban,220.0
36.0,Quận Long Biên,dat,6200000000,ban,6.2
115.0,Huyện Đông Anh,nha_pho,8000000000,ban,8.0
88.0,Huyện Chương Mỹ,dat,1650000000,ban,1.65
40.0,Huyện Thanh Trì,dat,2500000000,ban,2.5
43.0,Quận Nam Từ Liêm,dat,6500000000,ban,6.5
33.0,Quận Nam Từ Liêm,dat,6200000000,ban,6.2
37.0,Quận Nam Từ Liêm,dat,6000000000,ban,6.0
90.0,Quận Tây Hồ,dat,25500000000,ban,25.5
100.0,Huyện Thạch Thất,dat,2000000000,ban,2.0
110.0,Huyện Quốc Oai,dat,2475000000,ban,2.475
50.0,Quận Hoàng Mai,nha_pho,8000000000,ban,8.0
50.0,Quận Hoàng Mai,nha_pho,11200000000,ban,11.2
50.0,Quận Ba Đình,nha_pho,6900000000,ban,6.9
35.0,Quận Long Biên,nha_pho,6500000000,ban,6.5
31.0,Quận Hà Đông,nha_pho,6800000000,ban,6.8
50.0,Quận Hoàng Mai,nha_pho,11350000000,ban,11.35
50.0,Quận Hoàng Mai,nha_pho,11200000000,ban,11.2
33.0,Quận Hai Bà Trưng,nha_pho,7300000000,ban,7.3
35.0,Quận Hai Bà Trưng,nha_pho,8350000000,ban,8.35
222.0,Quận Bắc Từ Liêm,nha_pho,78000000000,ban,78.0
50.0,Quận Hoàng Mai,nha_pho,11680000000,ban,11.68
79.5,Quận Hà Đông,nha_pho,33000000000,ban,33.0
40.0,Quận Hoàng Mai,nha_pho,19500000000,ban,19.5
30.0,Quận Thanh Xuân,nha_pho,2050000000,ban,2.05
25.0,Quận Hai Bà Trưng,nha_pho,6600000000,ban,6.6
21.0,Quận Hai Bà Trưng,nha_pho,6200000000,ban,6.2
19.0,Quận Hoàng Mai,nha_pho,2260000000,ban,2.26
100.0,Quận Ba Đình,nha_pho,5200000000,ban,5.2
76.0,Quận Nam Từ Liêm,nha_pho,4600000000,ban,4.6
51.0,Quận Hai Bà Trưng,nha_pho,10800000000,ban,10.8
36.0,Quận Hoàng Mai,nha_pho,7800000000,ban,7.8
32.0,Huyện Hoài Đức,nha_pho,3800000000,ban,3.8
31.0,Quận Hoàng Mai,nha_pho,7300000000,ban,7.3
30.0,Quận Hoàng Mai,nha_pho,6000000000,ban,6.0
35.0,Huyện Thanh Trì,nha_pho,2000000000,ban,2.0
55.0,Quận Thanh Xuân,nha_pho,12000000000,ban,12.0
35.0,Quận Hà Đông,nha_pho,5600000000,ban,5.6
50.0,Quận Hoàng Mai,nha_pho,11600000000,ban,11.6
50.0,Quận Hoàng Mai,nha_pho,13500000000,ban,13.5
50.0,Quận Long Biên,nha_pho,11000000000,ban,11.0
60.0,Quận Hoàng Mai,nha_pho,15450000000,ban,15.45
25.0,Quận Đống Đa,nha_pho,5600000000,ban,5.6
31.0,Quận Hoàng Mai,nha_pho,6000000000,ban,6.0
120.0,Quận Bắc Từ Liêm,nha_pho,36000000000,ban,36.0
48.0,Quận Long Biên,nha_pho,10000000000,ban,10.0
55.0,Quận Đống Đa,nha_pho,12000000000,ban,12.0
42.0,Quận Ba Đình,nha_pho,17300000000,ban,17.3
22.0,Quận Thanh Xuân,nha_pho,7500000000,ban,7.5
40.0,Quận Hà Đông,nha_pho,10600000000,ban,10.6
35.0,Quận Long Biên,nha_pho,10000000000,ban,10.0
35.0,Quận Đống Đa,nha_pho,9000000000,ban,9.0
68.0,Quận Long Biên,dat,16000000000,ban,16.0
48.0,Quận Thanh Xuân,nha_pho,11000000000,ban,11.0
41.0,Huyện Đông Anh,nha_pho,3750000000,ban,3.75
40.0,Quận Hà Đông,nha_pho,5600000000,ban,5.6
189.0,Quận Bắc Từ Liêm,biet_thu,24000000000,ban,24.0
35.0,Quận Hoàng Mai,dat,10000000000,ban,10.0
45.0,Quận Thanh Xuân,nha_pho,12700000000,ban,12.7
19.0,Quận Thanh Xuân,nha_pho,5000000000,ban,5.0
54.0,Quận Hoàng Mai,nha_pho,33000000000,ban,33.0
35.0,Quận Hoàn Kiếm,nha_pho,10900000000,ban,10.9
32.0,Huyện Thanh Oai,nha_pho,4550000000,ban,4.55
33.0,Quận Cầu Giấy,nha_pho,7980000000,ban,7.98
52.0,Quận Nam Từ Liêm,nha_pho,12600000000,ban,12.6
40.0,Quận Long Biên,nha_pho,7000000000,ban,7.0
58.0,Quận Hai Bà Trưng,nha_pho,10990000000,ban,10.99
55.0,Quận Long Biên,nha_pho,25000000000,ban,25.0
134.5,Quận Đống Đa,nha_pho,130000000000,ban,130.0
120.0,Quận Đống Đa,nha_pho,34900000000,ban,34.9
41.0,Quận Đống Đa,nha_pho,9200000000,ban,9.2
49.0,Quận Hoàng Mai,nha_pho,4900000000,ban,4.9
38.0,Quận Hoàng Mai,nha_pho,12000000000,ban,12.0
37.4,Quận Tây Hồ,nha_pho,8700000000,ban,8.7
45.0,Quận Hà Đông,nha_pho,3750000000,ban,3.75
60.0,Quận Long Biên,nha_pho,21000000000,ban,21.0
39.0,Quận Thanh Xuân,nha_pho,7700000000,ban,7.7
40.0,Huyện Thanh Oai,nha_pho,4000000000,ban,4.0
20.0,Quận Hai Bà Trưng,nha_pho,5350000000,ban,5.35
24.0,Quận Hoàng Mai,nha_pho,6900000000,ban,6.9
40.0,Quận Hoàng Mai,nha_pho,9600000000,ban,9.6
135.0,Huyện Đông Anh,biet_thu,33750000000,ban,33.75
50.0,Quận Long Biên,nha_pho,9000000000,ban,9.0
33.0,Quận Hai Bà Trưng,nha_pho,6900000000,ban,6.9
28.0,Quận Hai Bà Trưng,nha_pho,8200000000,ban,8.2
38.0,Quận Hà Đông,nha_pho,9450000000,ban,9.45
42.0,Quận Long Biên,nha_pho,9100000000,ban,9.1
32.0,Quận Hai Bà Trưng,nha_pho,10999999999,ban,10.999999999
40.0,Quận Thanh Xuân,nha_pho,7500000000,ban,7.5
25.0,Quận Hai Bà Trưng,nha_pho,6100000000,ban,6.1
82.0,Quận Hai Bà Trưng,nha_pho,15500000000,ban,15.5
31.5,Quận Đống Đa,nha_pho,9500000000,ban,9.5
60.0,Quận Đống Đa,nha_pho,11450000000,ban,11.45
100.0,Quận Hai Bà Trưng,nha_pho,25400000000,ban,25.4
54.0,Quận Đống Đa,nha_pho,15600000000,ban,15.6
34.0,Huyện Hoài Đức,nha_pho,5250000000,ban,5.25
46.0,Quận Hà Đông,nha_pho,5600000000,ban,5.6
33.0,Quận Long Biên,nha_pho,8300000000,ban,8.3
55.0,Quận Long Biên,nha_pho,14900000000,ban,14.9
33.0,Quận Hoàng Mai,nha_pho,6500000000,ban,6.5
34.0,Quận Long Biên,nha_pho,14750000000,ban,14.75
160.0,Quận Hoàng Mai,nha_pho,46000000000,ban,46.0
24.0,Quận Thanh Xuân,nha_pho,6900000000,ban,6.9
55.0,Quận Long Biên,nha_pho,12600000000,ban,12.6
170.5,Huyện Hoài Đức,nha_pho,1000000000,ban,1.0
33.0,Quận Hà Đông,nha_pho,8000000000,ban,8.0
106.0,Quận Long Biên,nha_pho,12200000000,ban,12.2
45.0,Quận Hai Bà Trưng,nha_pho,8200000000,ban,8.2
35.0,Quận Long Biên,nha_pho,11800000000,ban,11.8
50.0,Quận Hà Đông,nha_pho,9800000000,ban,9.8
38.0,Quận Long Biên,nha_pho,11800000000,ban,11.8
30.0,Quận Long Biên,nha_pho,6300000000,ban,6.3
50.0,Quận Long Biên,nha_pho,10500000000,ban,10.5
50.0,Quận Long Biên,nha_pho,11000000000,ban,11.0
50.0,Quận Nam Từ Liêm,nha_pho,13200000000,ban,13.2
52.0,Quận Long Biên,nha_pho,14000000000,ban,14.0
45.0,Quận Nam Từ Liêm,nha_pho,13800000000,ban,13.8
66.0,Quận Bắc Từ Liêm,chung_cu,9800000000,ban,9.8
210.0,Quận Long Biên,nha_pho,69000000000,ban,69.0
40.0,Quận Hà Đông,nha_pho,7600000000,ban,7.6
34.0,Quận Hà Đông,nha_pho,3600000000,ban,3.6
60.0,Quận Long Biên,nha_pho,10000000000,ban,10.0
36.0,Quận Đống Đa,nha_pho,9500000000,ban,9.5
50.0,Quận Hoàng Mai,nha_pho,11500000000,ban,11.5
45.0,Quận Hai Bà Trưng,nha_pho,12500000000,ban,12.5
32.7999,Quận Hai Bà Trưng,nha_pho,7400000000,ban,7.4
35.0,Quận Long Biên,nha_pho,6000000000,ban,6.0
73.0,Quận Tây Hồ,nha_pho,25900000000,ban,25.9
62.0,Quận Đống Đa,chung_cu,10800000000,ban,10.8
26.0,Quận Đống Đa,nha_pho,5150000000,ban,5.15
55.0,Quận Hai Bà Trưng,nha_pho,9100000000,ban,9.1
240.0,Quận Thanh Xuân,biet_thu,88000000000,ban,88.0
38.0,Quận Long Biên,nha_pho,6000000000,ban,6.0
150.0,Quận Tây Hồ,nha_pho,150000000000,ban,150.0
588.0,Huyện Chương Mỹ,nha_pho,10584000000,ban,10.584
49.0,Quận Đống Đa,nha_pho,9300000000,ban,9.3
40.0,Quận Long Biên,nha_pho,7000000000,ban,7.0
32.0,Huyện Hoài Đức,nha_pho,5900000000,ban,5.9
65.0,Quận Thanh Xuân,chung_cu,11000000000,ban,11.0
47.0,Quận Cầu Giấy,nha_pho,15000000000,ban,15.0
40.0,Quận Thanh Xuân,nha_pho,6900000000,ban,6.9
31.0,Quận Hoàng Mai,nha_pho,6666666666,ban,6.666666666
29.0,Quận Đống Đa,nha_pho,5250000000,ban,5.25
37.0,Quận Thanh Xuân,nha_pho,7000000000,ban,7.0
35.0,Quận Hoàng Mai,nha_pho,8990000000,ban,8.99
102.0,Quận Cầu Giấy,nha_pho,53500000000,ban,53.5
30.8999,Huyện Thanh Oai,nha_pho,2700000000,ban,2.7
58.0,Quận Tây Hồ,nha_pho,15300000000,ban,15.3
44.0,Quận Long Biên,nha_pho,9500000000,ban,9.5
45.0,Quận Thanh Xuân,nha_pho,8960000000,ban,8.96
71.9,Quận Đống Đa,nha_pho,23500000000,ban,23.5
35.0,Quận Hà Đông,nha_pho,5999999999,ban,5.999999999
40.0,Quận Tây Hồ,nha_pho,10000000000,ban,10.0
32.0,Quận Nam Từ Liêm,nha_pho,8395000000,ban,8.395
38.0,Quận Nam Từ Liêm,nha_pho,8200000000,ban,8.2
40.0999,Huyện Gia Lâm,nha_pho,6300000000,ban,6.3
42.0,Quận Đống Đa,nha_pho,7900000000,ban,7.9
33.7,Quận Hà Đông,nha_pho,6000000000,ban,6.0
46.0,Quận Hai Bà Trưng,nha_pho,9000000000,ban,9.0
45.0,Quận Thanh Xuân,nha_pho,8500000000,ban,8.5
37.0,Quận Long Biên,nha_pho,7450000000,ban,7.45
33.0,Quận Đống Đa,nha_pho,8200000000,ban,8.2
45.0,Quận Thanh Xuân,nha_pho,7800000000,ban,7.8
32.0,Quận Hai Bà Trưng,nha_pho,2800000000,ban,2.8
158.0,Quận Hoàng Mai,nha_pho,7000000000,ban,7.0
30.0,Quận Hai Bà Trưng,nha_pho,6300000000,ban,6.3
44.0,Quận Cầu Giấy,nha_pho,18900000000,ban,18.9
43.0,Quận Thanh Xuân,nha_pho,7800000000,ban,7.8
30.0,Quận Hai Bà Trưng,nha_pho,5800000000,ban,5.8
45.0,Quận Thanh Xuân,nha_pho,17500000000,ban,17.5
38.0,Quận Nam Từ Liêm,nha_pho,6500000000,ban,6.5
47.0,Quận Hai Bà Trưng,nha_pho,9900000000,ban,9.9
360.0,Huyện Đông Anh,dat,13000000000,ban,13.0
21.0,Quận Hai Bà Trưng,nha_pho,6000000000,ban,6.0
35.0,Quận Hoàng Mai,nha_pho,6800000000,ban,6.8
31.0,Huyện Hoài Đức,nha_pho,3500000000,ban,3.5
52.0,Quận Hai Bà Trưng,nha_pho,9560000000,ban,9.56
52.0,Quận Long Biên,nha_pho,7000000000,ban,7.0
50.0,Huyện Gia Lâm,nha_pho,10900000000,ban,10.9
62.0,Quận Hai Bà Trưng,nha_pho,14400000000,ban,14.4
32.0,Quận Thanh Xuân,nha_pho,7000000000,ban,7.0
105.0,Quận Long Biên,nha_pho,11000000000,ban,11.0
33.0,Quận Đống Đa,nha_pho,8000000000,ban,8.0
130.0,Quận Hai Bà Trưng,nha_pho,59000000000,ban,59.0
35.0,Quận Hai Bà Trưng,nha_pho,10800000000,ban,10.8
19.0,Quận Đống Đa,nha_pho,3950000000,ban,3.95
47.0,Quận Hà Đông,nha_pho,12690000000,ban,12.69
42.0,Quận Cầu Giấy,nha_pho,16500000000,ban,16.5
35.0,Quận Hai Bà Trưng,nha_pho,8500000000,ban,8.5
45.0,Quận Nam Từ Liêm,nha_pho,8800000000,ban,8.8
30.0,Quận Nam Từ Liêm,nha_pho,6800000000,ban,6.8
32.0,Quận Bắc Từ Liêm,nha_pho,8280000000,ban,8.28
100.0,Quận Đống Đa,nha_pho,32000000000,ban,32.0
90.0,Quận Đống Đa,nha_pho,7320000000,ban,7.32
57.0,Quận Hai Bà Trưng,nha_pho,13800000000,ban,13.8
48.0,Quận Hai Bà Trưng,nha_pho,9890000000,ban,9.89
135.0,Quận Hoàn Kiếm,nha_pho,438000000000,ban,438.0
54.0,Quận Hà Đông,nha_pho,5900000000,ban,5.9
50.0,Quận Bắc Từ Liêm,nha_pho,7000000000,ban,7.0
30.0,Quận Tây Hồ,nha_pho,7300000000,ban,7.3
44.5,Quận Cầu Giấy,nha_pho,8250000000,ban,8.25
25.0,Quận Thanh Xuân,nha_pho,13900000000,ban,13.9
45.0,Quận Hai Bà Trưng,nha_pho,13900000000,ban,13.9
34.0,Quận Bắc Từ Liêm,nha_pho,4200000000,ban,4.2
42.0,Huyện Hoài Đức,nha_pho,4700000000,ban,4.7
15.0,Quận Đống Đa,nha_pho,3950000000,ban,3.95
30.0,Quận Thanh Xuân,nha_pho,3500000000,ban,3.5
71.0,Quận Nam Từ Liêm,nha_pho,19000000000,ban,19.0
40.0,Quận Long Biên,nha_pho,12300000000,ban,12.3
32.0,Quận Thanh Xuân,nha_pho,8150000000,ban,8.15
32.0,Quận Hai Bà Trưng,nha_pho,6900000000,ban,6.9
38.0,Quận Hoàng Mai,nha_pho,8550000000,ban,8.55
35.0,Huyện Thanh Trì,nha_pho,8400000000,ban,8.4
30.0,Quận Hai Bà Trưng,nha_pho,6700000000,ban,6.7
40.0,Quận Hoàng Mai,nha_pho,8600000000,ban,8.6
20.0,Quận Thanh Xuân,nha_pho,9850000000,ban,9.85
30.0,Quận Hai Bà Trưng,nha_pho,6150000000,ban,6.15
30.0,Quận Hà Đông,nha_pho,4200000000,ban,4.2
35.0,Quận Hà Đông,nha_pho,7000000000,ban,7.0
26.0,Quận Hai Bà Trưng,nha_pho,6500000000,ban,6.5
22.0,Quận Hai Bà Trưng,nha_pho,6380000000,ban,6.38
30.5,Quận Hà Đông,nha_pho,6500000000,ban,6.5
31.0,Quận Hà Đông,nha_pho,7000000000,ban,7.0
65.0,Quận Long Biên,nha_pho,8800000000,ban,8.8
38.0,Quận Long Biên,nha_pho,6600000000,ban,6.6
60.0,Quận Hai Bà Trưng,nha_pho,29000000000,ban,29.0
48.0,Quận Đống Đa,nha_pho,15300000000,ban,15.3
195.0,Quận Bắc Từ Liêm,biet_thu,55000000000,ban,55.0
15.0,Quận Hai Bà Trưng,nha_pho,2300000000,ban,2.3
42.0,Quận Ba Đình,nha_pho,8600000000,ban,8.6
132.1999,Quận Thanh Xuân,nha_pho,59490000000,ban,59.49
21.0,Quận Đống Đa,nha_pho,4750000000,ban,4.75
39.0,Quận Thanh Xuân,nha_pho,8500000000,ban,8.5
25.0,Quận Ba Đình,nha_pho,6200000000,ban,6.2
30.0,Quận Hà Đông,nha_pho,3750000000,ban,3.75
40.0,Quận Ba Đình,nha_pho,15000000000,ban,15.0
102.0,Quận Cầu Giấy,nha_pho,53450000000,ban,53.45
35.0,Quận Hoàng Mai,nha_pho,5500000000,ban,5.5
20.0,Quận Hai Bà Trưng,nha_pho,2950000000,ban,2.95
38.0,Quận Đống Đa,nha_pho,8000000000,ban,8.0
32.0,Quận Bắc Từ Liêm,nha_pho,5500000000,ban,5.5
31.0,Quận Hoàng Mai,nha_pho,6500000000,ban,6.5
24.0,Quận Hai Bà Trưng,nha_pho,2980000000,ban,2.98
45.0,Quận Hai Bà Trưng,nha_pho,9300000000,ban,9.3
33.0,Quận Đống Đa,nha_pho,10505000000,ban,10.505
44.0,Quận Hai Bà Trưng,nha_pho,9200000000,ban,9.2
50.0,Quận Hai Bà Trưng,nha_pho,7800000000,ban,7.8
28.0,Quận Hai Bà Trưng,nha_pho,5900000000,ban,5.9
42.0,Quận Thanh Xuân,nha_pho,2650000000,ban,2.65
42.0,Quận Hoàng Mai,nha_pho,2000000000,ban,2.0
25.0,Quận Đống Đa,nha_pho,4700000000,ban,4.7
60.0,Huyện Thanh Trì,nha_pho,1250000000,ban,1.25
40.0,Quận Đống Đa,nha_pho,8500000000,ban,8.5
42.0,Quận Nam Từ Liêm,nha_pho,13500000000,ban,13.5
26.0,Quận Đống Đa,nha_pho,6500000000,ban,6.5
36.0,Quận Đống Đa,nha_pho,7050000000,ban,7.05
40.0,Quận Đống Đa,nha_pho,8000000000,ban,8.0
32.0,Quận Đống Đa,nha_pho,9100000000,ban,9.1
21.0,Quận Đống Đa,nha_pho,4990000000,ban,4.99
35.0,Quận Hoàng Mai,nha_pho,6850000000,ban,6.85
27.0,Quận Hai Bà Trưng,nha_pho,5850000000,ban,5.85
38.0,Quận Cầu Giấy,nha_pho,9500000000,ban,9.5
50.0,Quận Cầu Giấy,nha_pho,12800000000,ban,12.8
48.0,Quận Cầu Giấy,nha_pho,13000000000,ban,13.0
60.0,Quận Đống Đa,nha_pho,25700000000,ban,25.7
15.0,Quận Hai Bà Trưng,nha_pho,4300000000,ban,4.3
40.0,Quận Tây Hồ,nha_pho,5100000000,ban,5.1
69.0,Quận Cầu Giấy,nha_pho,18200000000,ban,18.2
50.0,Quận Hoàn Kiếm,nha_pho,80000000000,ban,80.0
56.0,Quận Long Biên,nha_pho,10200000000,ban,10.2
35.0,Quận Hà Đông,nha_pho,3650000000,ban,3.65
40.0,Quận Hà Đông,nha_pho,3300000000,ban,3.3
44.0,Quận Hoàng Mai,nha_pho,12950000000,ban,12.95
45.0,Quận Hoàng Mai,nha_pho,16000000000,ban,16.0
32.7999,Quận Long Biên,nha_pho,9800000000,ban,9.8
114.0,Quận Đống Đa,nha_pho,115000000000,ban,115.0
27.0,Quận Long Biên,nha_pho,6000000000,ban,6.0
62.0,Quận Hoàng Mai,nha_pho,2500000000,ban,2.5
35.0,Huyện Hoài Đức,nha_pho,4800000000,ban,4.8
32.0,Quận Nam Từ Liêm,nha_pho,8550000000,ban,8.55
30.0,Quận Đống Đa,nha_pho,8000000000,ban,8.0
23.0,Quận Đống Đa,nha_pho,5990000000,ban,5.99
30.0,Quận Bắc Từ Liêm,nha_pho,7000000000,ban,7.0
32.0,Quận Thanh Xuân,nha_pho,8750000000,ban,8.75
18.0,Quận Đống Đa,nha_pho,4320000000,ban,4.32
40.0,Quận Hoàng Mai,nha_pho,8900000000,ban,8.9
35.0,Quận Hai Bà Trưng,nha_pho,6800000000,ban,6.8
50.0,Quận Đống Đa,nha_pho,12800000000,ban,12.8
33.0,Quận Hoàng Mai,nha_pho,6500000000,ban,6.5
40.0,Huyện Thanh Trì,nha_pho,1000000000,ban,1.0
45.9,Quận Long Biên,nha_pho,3300000000,ban,3.3
78.0,Quận Cầu Giấy,chung_cu,19500000000,ban,19.5
55.0,Quận Thanh Xuân,nha_pho,15000000000,ban,15.0
45.0,Quận Đống Đa,nha_pho,9900000000,ban,9.9
25.0,Quận Hai Bà Trưng,nha_pho,5650000000,ban,5.65
43.0,Quận Bắc Từ Liêm,nha_pho,7200000000,ban,7.2
40.0,Huyện Thanh Trì,nha_pho,6000000000,ban,6.0
30.0,Quận Hoàng Mai,nha_pho,6500000000,ban,6.5
32.0,Quận Hoàng Mai,nha_pho,10500000000,ban,10.5
30.0,Quận Hoàng Mai,nha_pho,7600000000,ban,7.6
32.0,Quận Thanh Xuân,nha_pho,8970000000,ban,8.97
28.3999,Quận Cầu Giấy,nha_pho,10500000000,ban,10.5
18.25,Quận Hai Bà Trưng,nha_pho,1650000000,ban,1.65
36.0,Quận Thanh Xuân,nha_pho,7000000000,ban,7.0
54.0,Quận Đống Đa,nha_pho,12300000000,ban,12.3
33.0,Quận Hà Đông,nha_pho,7150000000,ban,7.15
40.0,Quận Bắc Từ Liêm,nha_pho,7790790000,ban,7.79079
45.0,Quận Hà Đông,nha_pho,6500000000,ban,6.5
45.5999,Quận Tây Hồ,nha_pho,8300000000,ban,8.3
311.0,Quận Thanh Xuân,nha_pho,53000000000,ban,53.0
65.0,Quận Tây Hồ,nha_pho,2250000000,ban,2.25
52.0,Quận Hoàn Kiếm,nha_pho,3700000000,ban,3.7
58.0,Quận Long Biên,nha_pho,19500000000,ban,19.5
41.0,Quận Đống Đa,nha_pho,7750000000,ban,7.75
55.0,Quận Hoàng Mai,nha_pho,10600000000,ban,10.6
70.0,Quận Hai Bà Trưng,nha_pho,6800000000,ban,6.8
175.0,Quận Long Biên,nha_pho,52500000000,ban,52.5
62.0,Quận Cầu Giấy,nha_pho,26800000000,ban,26.8
57.0,Quận Long Biên,nha_pho,16900000000,ban,16.9
35.0,Quận Tây Hồ,nha_pho,7500000000,ban,7.5
93.0,Quận Ba Đình,nha_pho,36000000000,ban,36.0
380.0,Quận Hoàn Kiếm,nha_pho,330000000000,ban,330.0
30.0,Quận Bắc Từ Liêm,nha_pho,7200000000,ban,7.2
110.0,Huyện Thanh Trì,nha_pho,1000000000,ban,1.0
70.0,Quận Thanh Xuân,nha_pho,45000000000,ban,45.0
78.0,Quận Hà Đông,nha_pho,9200000000,ban,9.2
30.0,Quận Bắc Từ Liêm,nha_pho,7850000000,ban,7.85
44.0,Quận Long Biên,nha_pho,13900000000,ban,13.9
30.0,Quận Đống Đa,nha_pho,8900000000,ban,8.9
20.0,Quận Đống Đa,nha_pho,4390000000,ban,4.39
45.0,Quận Hai Bà Trưng,nha_pho,9700000000,ban,9.7
38.0,Quận Thanh Xuân,nha_pho,7100000000,ban,7.1
40.0,Quận Hà Đông,nha_pho,5960000000,ban,5.96
40.0,Quận Nam Từ Liêm,nha_pho,5850000000,ban,5.85
49.0,Quận Đống Đa,nha_pho,10800000000,ban,10.8
19.0,Quận Ba Đình,nha_pho,6220000000,ban,6.22
88.0,Quận Thanh Xuân,nha_pho,23000000000,ban,23.0
40.0,Huyện Hoài Đức,nha_pho,7500000000,ban,7.5
52.0,Quận Hai Bà Trưng,nha_pho,9900000000,ban,9.9
35.0,Quận Long Biên,nha_pho,6200000000,ban,6.2
30.0,Quận Hai Bà Trưng,nha_pho,5800000000,ban,5.8
35.0,Quận Nam Từ Liêm,nha_pho,6500000000,ban,6.5
38.0,Quận Nam Từ Liêm,nha_pho,5950000000,ban,5.95
30.0,Quận Hoàng Mai,nha_pho,8880000000,ban,8.88
55.0,Quận Hoàn Kiếm,nha_pho,4500000000,ban,4.5
40.0,Quận Hai Bà Trưng,nha_pho,6900000000,ban,6.9
50.5,Huyện Thanh Oai,nha_pho,5900000000,ban,5.9
210.0,Quận Hoàng Mai,biet_thu,66000000000,ban,66.0
34.0,Quận Hà Đông,nha_pho,6600000000,ban,6.6
30.0,Quận Hoàng Mai,nha_pho,1250000000,ban,1.25
47.0,Quận Long Biên,nha_pho,9000000000,ban,9.0
30.0,Quận Đống Đa,nha_pho,13800000000,ban,13.8
28.0,Huyện Đông Anh,nha_pho,500000000,ban,0.5
32.0,Quận Đống Đa,nha_pho,8900000000,ban,8.9
30.0,Quận Thanh Xuân,nha_pho,8000000000,ban,8.0
70.0,Quận Cầu Giấy,chung_cu,22900000000,ban,22.9
25.0,Quận Đống Đa,nha_pho,5700000000,ban,5.7
60.0,Quận Tây Hồ,nha_pho,14000000000,ban,14.0
28.0,Quận Đống Đa,nha_pho,4780000000,ban,4.78
64.0,Quận Đống Đa,nha_pho,10600000000,ban,10.6
38.0,Quận Thanh Xuân,nha_pho,8900000000,ban,8.9
33.0,Quận Hoàng Mai,nha_pho,7550000000,ban,7.55
43.0,Quận Hà Đông,nha_pho,7500000000,ban,7.5
38.0,Quận Thanh Xuân,nha_pho,6680000000,ban,6.68
48.0,Quận Hai Bà Trưng,nha_pho,13900000000,ban,13.9
35.0,Quận Thanh Xuân,nha_pho,7800000000,ban,7.8
84.0,Quận Long Biên,nha_pho,13600000000,ban,13.6
60.0,Quận Cầu Giấy,nha_pho,15000000000,ban,15.0
38.0,Huyện Thanh Trì,nha_pho,4500000000,ban,4.5
40.0,Quận Thanh Xuân,nha_pho,9350000000,ban,9.35
65.0,Quận Hoàng Mai,nha_pho,18500000000,ban,18.5
46.0,Quận Ba Đình,nha_pho,26500000000,ban,26.5
30.0,Quận Đống Đa,nha_pho,9150000000,ban,9.15
57.0,Quận Ba Đình,nha_pho,21400000000,ban,21.4
48.0,Quận Hà Đông,nha_pho,5500000000,ban,5.5
36.0,Huyện Thanh Trì,nha_pho,5000000000,ban,5.0
28.0,Quận Đống Đa,nha_pho,6350000000,ban,6.35
33.0,Quận Hai Bà Trưng,nha_pho,8500000000,ban,8.5
25.0,Quận Hai Bà Trưng,nha_pho,6300000000,ban,6.3
40.0,Quận Hoàng Mai,nha_pho,3400000000,ban,3.4
33.0,Quận Hai Bà Trưng,nha_pho,6200000000,ban,6.2
92.0,Quận Long Biên,nha_pho,13000000000,ban,13.0
35.5998,Huyện Hoài Đức,dat,6000000000,ban,6.0
60.0,Quận Đống Đa,nha_pho,14800000000,ban,14.8
80.0,Quận Tây Hồ,nha_pho,26600000000,ban,26.6
55.0,Quận Ba Đình,nha_pho,23900000000,ban,23.9
34.0,Quận Hoàng Mai,nha_pho,9580000000,ban,9.58
35.0,Quận Hai Bà Trưng,nha_pho,7900000000,ban,7.9
60.0,Quận Bắc Từ Liêm,nha_pho,25700000000,ban,25.7
50.0,Huyện Thanh Trì,nha_pho,5100000000,ban,5.1
20.0,Quận Đống Đa,nha_pho,4700000000,ban,4.7
438.0,Quận Long Biên,biet_thu,262800000000,ban,262.8
35.0,Quận Hà Đông,nha_pho,4450000000,ban,4.45
34.0,Quận Hai Bà Trưng,nha_pho,9900000000,ban,9.9
30.0,Quận Hoàng Mai,nha_pho,18000000000,ban,18.0
40.0,Quận Cầu Giấy,nha_pho,8900000000,ban,8.9
225.0,Quận Nam Từ Liêm,biet_thu,89500000000,ban,89.5
60.0,Quận Hoàng Mai,nha_pho,23000000000,ban,23.0
100.0,Quận Thanh Xuân,biet_thu,55500000000,ban,55.5
150.0,Quận Nam Từ Liêm,nha_pho,38897000000,ban,38.897
49.0,Quận Hà Đông,nha_pho,18865000000,ban,18.865
61.0,Quận Tây Hồ,nha_pho,23500000000,ban,23.5
40.0,Quận Hà Đông,nha_pho,12000000000,ban,12.0
24.0,Quận Ba Đình,nha_pho,6900000000,ban,6.9
35.0,Quận Long Biên,nha_pho,8000000000,ban,8.0
30.0,Quận Thanh Xuân,nha_pho,7800000000,ban,7.8
52.0,Quận Hai Bà Trưng,nha_pho,11200000000,ban,11.2
33.0,Quận Long Biên,nha_pho,6000000000,ban,6.0
36.0,Quận Hà Đông,nha_pho,6200000000,ban,6.2
50.0,Quận Hai Bà Trưng,nha_pho,10800000000,ban,10.8
65.0,Quận Bắc Từ Liêm,nha_pho,19000000000,ban,19.0
30.0,Huyện Thanh Oai,nha_pho,2700000000,ban,2.7
84.0,Quận Nam Từ Liêm,nha_pho,32950000000,ban,32.95
45.0,Quận Hai Bà Trưng,nha_pho,10200000000,ban,10.2
38.0,Quận Hoàng Mai,nha_pho,6800000000,ban,6.8
45.0,Quận Hai Bà Trưng,nha_pho,12500000000,ban,12.5
83.0,Huyện Hoài Đức,nha_pho,13200000000,ban,13.2
30.0,Quận Hà Đông,nha_pho,6650000000,ban,6.65
31.0,Quận Long Biên,nha_pho,7650000000,ban,7.65
44.0,Huyện Đông Anh,nha_pho,3500000000,ban,3.5
24.0,Quận Hoàng Mai,nha_pho,6800000000,ban,6.8
72.0,Quận Thanh Xuân,nha_pho,29500000000,ban,29.5
38.0,Quận Hai Bà Trưng,nha_pho,7000000000,ban,7.0
51.0,Quận Tây Hồ,nha_pho,11800000000,ban,11.8
50.0,Quận Đống Đa,nha_pho,36500000000,ban,36.5
72.0,Quận Bắc Từ Liêm,chung_cu,3650000000,ban,3.65
33.0,Quận Hoàng Mai,nha_pho,4550000000,ban,4.55
17.0,Quận Đống Đa,nha_pho,3000000000,ban,3.0
72.0,Quận Tây Hồ,nha_pho,12300000000,ban,12.3
45.0,Quận Hai Bà Trưng,nha_pho,10000000000,ban,10.0
130.0,Quận Thanh Xuân,nha_pho,114500000000,ban,114.5
55.0,Quận Hai Bà Trưng,nha_pho,11300000000,ban,11.3
22.0,Quận Đống Đa,nha_pho,5950000000,ban,5.95
25.0,Quận Tây Hồ,nha_pho,7900000000,ban,7.9
28.0,Quận Hoàng Mai,nha_pho,6450000000,ban,6.45
35.0,Quận Hoàng Mai,nha_pho,9000000000,ban,9.0
35.0,Quận Hoàng Mai,nha_pho,8990000000,ban,8.99
40.0,Quận Thanh Xuân,nha_pho,6800000000,ban,6.8
45.0,Quận Ba Đình,nha_pho,9800000000,ban,9.8
30.0,Quận Hoàn Kiếm,nha_pho,15000000000,ban,15.0
40.0999,Quận Đống Đa,nha_pho,40000000000,ban,40.0
84.0,Quận Thanh Xuân,nha_pho,47000000000,ban,47.0
17.0,Quận Hai Bà Trưng,nha_pho,4500000000,ban,4.5
42.0,Quận Đống Đa,nha_pho,7950000000,ban,7.95
28.0,Quận Đống Đa,nha_pho,4890000000,ban,4.89
16.0,Quận Tây Hồ,chung_cu,2650000000,ban,2.65
38.0,Quận Hoàng Mai,nha_pho,8600000000,ban,8.6
43.0,Quận Ba Đình,nha_pho,16450000000,ban,16.45
24.0,Quận Hoàng Mai,nha_pho,2100000000,ban,2.1
120.0,Quận Hai Bà Trưng,nha_pho,59790000000,ban,59.79
43.0,Quận Thanh Xuân,nha_pho,7800000000,ban,7.8
26.0,Quận Đống Đa,nha_pho,6890000000,ban,6.89
42.0,Quận Thanh Xuân,nha_pho,7900000000,ban,7.9
83.0,Quận Long Biên,nha_pho,17000000000,ban,17.0
15.0,Quận Đống Đa,nha_pho,3450000000,ban,3.45
45.0,Quận Đống Đa,nha_pho,8000000000,ban,8.0
50.0,Quận Hai Bà Trưng,nha_pho,9300000000,ban,9.3
43.0,Quận Hoàng Mai,nha_pho,7300000000,ban,7.3
55.0,Quận Long Biên,nha_pho,8600000000,ban,8.6
40.0,Quận Hoàng Mai,nha_pho,2450000000,ban,2.45
47.0,Quận Hai Bà Trưng,nha_pho,14600000000,ban,14.6
52.0,Quận Bắc Từ Liêm,nha_pho,11250000000,ban,11.25
39.0,Quận Hoàng Mai,nha_pho,6800000000,ban,6.8
50.0,Quận Hai Bà Trưng,chung_cu,12900000000,ban,12.9
99.0,Quận Đống Đa,nha_pho,36000000000,ban,36.0
22.0,Quận Đống Đa,nha_pho,4000000000,ban,4.0
48.0,Quận Hà Đông,nha_pho,7350000000,ban,7.35
70.0,Quận Thanh Xuân,nha_pho,29000000000,ban,29.0
58.0,Quận Hai Bà Trưng,nha_pho,14900000000,ban,14.9
50.0,Quận Thanh Xuân,nha_pho,10900000000,ban,10.9
30.0,Quận Thanh Xuân,nha_pho,6600000000,ban,6.6
61.0,Quận Tây Hồ,nha_pho,16800000000,ban,16.8
21.0,Quận Hai Bà Trưng,nha_pho,5800000000,ban,5.8
45.0,Quận Hai Bà Trưng,nha_pho,7500000000,ban,7.5
32.0,Huyện Hoài Đức,nha_pho,5800000000,ban,5.8
50.0,Quận Hai Bà Trưng,nha_pho,43000000000,ban,43.0
45.0,Quận Thanh Xuân,nha_pho,7000000000,ban,7.0
18.0,Quận Đống Đa,nha_pho,3800000000,ban,3.8
52.0,Quận Ba Đình,nha_pho,5555555555,ban,5.555555555
25.0,Quận Tây Hồ,nha_pho,11000000000,ban,11.0
15.0,Quận Hai Bà Trưng,nha_pho,3400000000,ban,3.4
72.0,Quận Tây Hồ,nha_pho,4500000000,ban,4.5
80.0,Quận Hai Bà Trưng,nha_pho,27000000000,ban,27.0
60.0,Huyện Đan Phượng,nha_pho,4970000000,ban,4.97
202.0,Quận Hoàn Kiếm,nha_pho,260000000000,ban,260.0
90.0,Quận Hoàng Mai,nha_pho,8500000000,ban,8.5
36.0,Quận Hai Bà Trưng,nha_pho,6400000000,ban,6.4
35.0,Quận Hoàng Mai,nha_pho,6900000000,ban,6.9
45.0,Quận Hà Đông,nha_pho,15500000000,ban,15.5
38.0,Quận Thanh Xuân,nha_pho,8400000000,ban,8.4
28.0,Quận Hoàng Mai,nha_pho,5000000000,ban,5.0
62.0,Huyện Sóc Sơn,nha_pho,9500000000,ban,9.5
38.0,Huyện Thanh Trì,nha_pho,5800000000,ban,5.8
30.0,Quận Hoàng Mai,nha_pho,9600000000,ban,9.6
16.0,Quận Ba Đình,nha_pho,3599000000,ban,3.599
41.0,Quận Thanh Xuân,nha_pho,7700000000,ban,7.7
50.0,Quận Hai Bà Trưng,nha_pho,5700000000,ban,5.7
35.0,Quận Nam Từ Liêm,nha_pho,6200000000,ban,6.2
39.0,Quận Hà Đông,nha_pho,6950000000,ban,6.95
35.0,Quận Ba Đình,nha_pho,7600000000,ban,7.6
100.0,Quận Long Biên,nha_pho,25500000000,ban,25.5
70.0,Quận Hai Bà Trưng,nha_pho,14900000000,ban,14.9
42.0,Quận Thanh Xuân,nha_pho,7700000000,ban,7.7
43.0,Quận Thanh Xuân,nha_pho,7900000000,ban,7.9
50.0,Huyện Thanh Trì,nha_pho,6400000000,ban,6.4
40.0,Quận Thanh Xuân,nha_pho,8995000000,ban,8.995
30.0,Quận Thanh Xuân,nha_pho,6000000000,ban,6.0
42.0,Quận Thanh Xuân,nha_pho,9000000000,ban,9.0
46.0,Quận Thanh Xuân,nha_pho,7900000000,ban,7.9
31.0,Quận Hoàng Mai,nha_pho,6678910000,ban,6.67891
118.0,Quận Long Biên,nha_pho,36800000000,ban,36.8
90.0,Quận Long Biên,nha_pho,36500000000,ban,36.5
60.0,Quận Long Biên,nha_pho,18600000000,ban,18.6
36.0,Quận Hà Đông,nha_pho,4790000000,ban,4.79
75.0,Quận Cầu Giấy,nha_pho,48500000000,ban,48.5
39.0,Huyện Thanh Trì,nha_pho,6600000000,ban,6.6
33.0,Quận Ba Đình,nha_pho,11790000000,ban,11.79
55.0,Quận Đống Đa,nha_pho,14000000000,ban,14.0
50.0,Quận Hai Bà Trưng,nha_pho,7800000000,ban,7.8
72.0,Quận Long Biên,nha_pho,11800000000,ban,11.8
32.7999,Quận Hai Bà Trưng,nha_pho,7500000000,ban,7.5
35.0,Quận Hai Bà Trưng,nha_pho,6650000000,ban,6.65
60.0,Quận Long Biên,nha_pho,22000000000,ban,22.0
64.0,Quận Thanh Xuân,nha_pho,20500000000,ban,20.5
62.0,Quận Hoàng Mai,nha_pho,9800000000,ban,9.8
46.0,Quận Long Biên,nha_pho,11800000000,ban,11.8
40.0,Quận Hoàng Mai,nha_pho,8800000000,ban,8.8
40.0,Quận Hoàng Mai,nha_pho,6500000000,ban,6.5
37.0,Quận Hà Đông,nha_pho,5850000000,ban,5.85
51.0,Quận Long Biên,nha_pho,10000000000,ban,10.0
40.0,Huyện Quốc Oai,nha_pho,4680000000,ban,4.68
53.0,Quận Hoàng Mai,nha_pho,13500000000,ban,13.5
40.0,Quận Hai Bà Trưng,nha_pho,2150000000,ban,2.15
20.0,Quận Đống Đa,nha_pho,3900000000,ban,3.9
27.0,Quận Đống Đa,nha_pho,5350000000,ban,5.35
45.0,Huyện Đông Anh,nha_pho,3200000000,ban,3.2
45.0,Quận Hai Bà Trưng,nha_pho,4350000000,ban,4.35
194.0,Quận Hoàng Mai,dat,26800000000,ban,26.8
50.0,Quận Hoàng Mai,nha_pho,19500000000,ban,19.5
23.0,Quận Thanh Xuân,nha_pho,7850000000,ban,7.85
33.0,Quận Hai Bà Trưng,nha_pho,5550000000,ban,5.55
35.0,Quận Long Biên,nha_pho,8900000000,ban,8.9
30.0,Quận Hoàng Mai,nha_pho,6880000000,ban,6.88
22.0,Quận Đống Đa,nha_pho,4850000000,ban,4.85
62.0,Quận Cầu Giấy,nha_pho,32500000000,ban,32.5
36.0,Quận Thanh Xuân,nha_pho,7500000000,ban,7.5
41.0,Quận Hà Đông,nha_pho,4050000000,ban,4.05
41.0,Quận Hà Đông,nha_pho,3500000000,ban,3.5
33.0,Quận Hà Đông,nha_pho,3050000000,ban,3.05
30.0,Quận Thanh Xuân,nha_pho,8600000000,ban,8.6
64.0,Quận Hai Bà Trưng,nha_pho,63000000000,ban,63.0
50.0,Quận Long Biên,nha_pho,14500000000,ban,14.5
50.0,Quận Đống Đa,nha_pho,19800000000,ban,19.8
45.0,Huyện Thanh Trì,nha_pho,6350000000,ban,6.35
36.0,Quận Hà Đông,nha_pho,6000000000,ban,6.0
34.0,Quận Hà Đông,nha_pho,6200000000,ban,6.2
36.0,Quận Hà Đông,nha_pho,6200000000,ban,6.2
78.0,Quận Tây Hồ,nha_pho,28800000000,ban,28.8
45.0,Huyện Hoài Đức,nha_pho,7000000000,ban,7.0
30.0,Quận Hà Đông,nha_pho,5790000000,ban,5.79
50.0,Quận Bắc Từ Liêm,nha_pho,15900000000,ban,15.9
45.0,Quận Hoàng Mai,nha_pho,10600000000,ban,10.6
50.0,Quận Hà Đông,nha_pho,15500000000,ban,15.5
16.0,Quận Hoàng Mai,nha_pho,1150000000,ban,1.15
41.0,Quận Nam Từ Liêm,nha_pho,7000000000,ban,7.0
48.0,Quận Nam Từ Liêm,chung_cu,13000000000,ban,13.0
78.0,Quận Nam Từ Liêm,nha_pho,36450000000,ban,36.45
53.0,Quận Tây Hồ,nha_pho,15000000000,ban,15.0
41.0,Quận Bắc Từ Liêm,nha_pho,17000000000,ban,17.0
16.0,Quận Đống Đa,nha_pho,2600000000,ban,2.6
70.0,Quận Nam Từ Liêm,nha_pho,9000000000,ban,9.0
45.0,Quận Nam Từ Liêm,nha_pho,7700000000,ban,7.7
47.0,Quận Hoàng Mai,nha_pho,2950000000,ban,2.95
55.0,Huyện Hoài Đức,nha_pho,6000000000,ban,6.0
30.0,Huyện Thanh Trì,nha_pho,7400000000,ban,7.4
35.0,Huyện Hoài Đức,nha_pho,6000000000,ban,6.0
42.0,Quận Thanh Xuân,nha_pho,7500000000,ban,7.5
36.0,Quận Thanh Xuân,nha_pho,7310000000,ban,7.31
40.0,Quận Thanh Xuân,nha_pho,7910000000,ban,7.91
52.0,Quận Long Biên,nha_pho,17600000000,ban,17.6
30.6,Quận Long Biên,nha_pho,6500000000,ban,6.5
115.0,Quận Hai Bà Trưng,nha_pho,109000000000,ban,109.0
50.0,Quận Hoàng Mai,nha_pho,8400000000,ban,8.4
30.0,Quận Đống Đa,nha_pho,8800000000,ban,8.8
31.0,Quận Hai Bà Trưng,nha_pho,9880000000,ban,9.88
38.0,Quận Thanh Xuân,nha_pho,6600000000,ban,6.6
40.0,Huyện Thanh Trì,nha_pho,750000000,ban,0.75
45.0,Quận Nam Từ Liêm,nha_pho,9000000000,ban,9.0
35.0,Quận Hai Bà Trưng,nha_pho,8500000000,ban,8.5
45.0,Huyện Hoài Đức,nha_pho,6000000000,ban,6.0
36.0,Huyện Hoài Đức,nha_pho,5115510000,ban,5.11551
60.0,Huyện Hoài Đức,nha_pho,6000000000,ban,6.0
85.0,Quận Bắc Từ Liêm,chung_cu,26000000000,ban,26.0
33.0,Quận Tây Hồ,nha_pho,8800000000,ban,8.8
41.0,Quận Bắc Từ Liêm,nha_pho,10500000000,ban,10.5
45.0,Quận Tây Hồ,nha_pho,10300000000,ban,10.3
66.0,Quận Bắc Từ Liêm,nha_pho,22000000000,ban,22.0
60.0,Quận Tây Hồ,nha_pho,17900000000,ban,17.9
50.0,Quận Thanh Xuân,nha_pho,14500000000,ban,14.5
73.0,Quận Cầu Giấy,nha_pho,22000000000,ban,22.0
26.0,Quận Hai Bà Trưng,nha_pho,7100000000,ban,7.1
44.0,Quận Hoàng Mai,nha_pho,13200000000,ban,13.2
40.0,Huyện Thanh Trì,nha_pho,9100000000,ban,9.1
120.0,Huyện Gia Lâm,nha_pho,12500000000,ban,12.5
90.0,Quận Long Biên,nha_pho,5700000000,ban,5.7
56.0,Quận Long Biên,nha_pho,9000000000,ban,9.0
58.0,Quận Đống Đa,nha_pho,4200000000,ban,4.2
61.0,Quận Hoàng Mai,nha_pho,24500000005,ban,24.500000005
40.0,Quận Long Biên,nha_pho,3500000000,ban,3.5
70.0,Quận Hoàng Mai,nha_pho,14860000000,ban,14.86
45.0,Quận Hai Bà Trưng,nha_pho,9900000000,ban,9.9
50.0,Quận Long Biên,nha_pho,11000000000,ban,11.0
16.0,Quận Hoàng Mai,nha_pho,1680000000,ban,1.68
16.0,Quận Hai Bà Trưng,nha_pho,3150000000,ban,3.15
70.0,Quận Long Biên,nha_pho,12000000000,ban,12.0
50.0,Quận Hoàng Mai,nha_pho,8800000000,ban,8.8
35.0,Huyện Thanh Trì,nha_pho,5750000000,ban,5.75
40.0,Quận Thanh Xuân,nha_pho,7000000000,ban,7.0
48.0,Quận Hai Bà Trưng,nha_pho,9200000000,ban,9.2
30.0,Quận Ba Đình,nha_pho,8250000000,ban,8.25
205.0,Quận Cầu Giấy,biet_thu,119600000000,ban,119.6
47.0,Quận Long Biên,nha_pho,16000000000,ban,16.0
75.0,Quận Cầu Giấy,nha_pho,23000000000,ban,23.0
61.0,Quận Hai Bà Trưng,nha_pho,10900000000,ban,10.9
39.0,Quận Hoàng Mai,nha_pho,8900000000,ban,8.9
35.0,Quận Long Biên,nha_pho,6750000000,ban,6.75
45.5,Quận Nam Từ Liêm,nha_pho,7099000000,ban,7.099
39.0,Quận Hoàng Mai,nha_pho,9350000000,ban,9.35
35.0,Quận Nam Từ Liêm,nha_pho,6300000000,ban,6.3
67.0,Quận Ba Đình,nha_pho,56000000000,ban,56.0
40.0,Quận Hà Đông,nha_pho,4100000000,ban,4.1
30.0,Quận Hà Đông,nha_pho,4650000000,ban,4.65
31.0,Quận Cầu Giấy,nha_pho,8200000000,ban,8.2
78.0,Quận Hà Đông,nha_pho,19250000000,ban,19.25
47.0,Quận Hai Bà Trưng,nha_pho,14600000000,ban,14.6
41.0,Huyện Đông Anh,nha_pho,3750000000,ban,3.75
62.5,Quận Hà Đông,nha_pho,17500000000,ban,17.5
38.0,Quận Cầu Giấy,nha_pho,9200000000,ban,9.2
50.0,Quận Long Biên,nha_pho,10000000000,ban,10.0
36.0,Quận Long Biên,nha_pho,7000000000,ban,7.0
35.0,Quận Hai Bà Trưng,nha_pho,6500000000,ban,6.5
32.0,Quận Hà Đông,nha_pho,3350000000,ban,3.35
34.0,Quận Hoàng Mai,nha_pho,7500000000,ban,7.5
32.0,Quận Đống Đa,nha_pho,11500000000,ban,11.5
30.0,Quận Đống Đa,nha_pho,12800000000,ban,12.8
32.0,Huyện Chương Mỹ,nha_pho,3300000000,ban,3.3
30.0,Quận Hai Bà Trưng,nha_pho,6000000000,ban,6.0
38.0,Quận Hoàng Mai,nha_pho,6000000000,ban,6.0
30.0,Quận Thanh Xuân,nha_pho,4900000000,ban,4.9
66.4,Quận Hai Bà Trưng,nha_pho,25000000000,ban,25.0
30.0,Quận Đống Đa,nha_pho,13200000000,ban,13.2
30.0,Quận Hai Bà Trưng,nha_pho,5800000000,ban,5.8
30.0,Quận Hoàng Mai,nha_pho,6500000000,ban,6.5
23.0,Quận Đống Đa,nha_pho,4850000000,ban,4.85
30.0,Quận Hoàng Mai,nha_pho,7000000000,ban,7.0
32.0,Huyện Chương Mỹ,nha_pho,3050000000,ban,3.05
37.0,Quận Hoàng Mai,nha_pho,6860000000,ban,6.86
50.0,Huyện Thanh Trì,nha_pho,1200000000,ban,1.2
48.0,Quận Thanh Xuân,nha_pho,8650000000,ban,8.65
78.5,Quận Ba Đình,nha_pho,19500000000,ban,19.5
850.0,Quận Cầu Giấy,nha_pho,989990000000,ban,989.99
42.0,Quận Đống Đa,nha_pho,7900000000,ban,7.9
28.0,Quận Hoàng Mai,nha_pho,6860000000,ban,6.86
40.0,Quận Hà Đông,nha_pho,13000000000,ban,13.0
32.0,Quận Hoàng Mai,nha_pho,7950000000,ban,7.95
46.0,Quận Đống Đa,nha_pho,13888000000,ban,13.888
46.0,Quận Đống Đa,nha_pho,13888000000,ban,13.888
23.0,Quận Hai Bà Trưng,nha_pho,5950000000,ban,5.95
25.0,Quận Hoàng Mai,nha_pho,4950000000,ban,4.95
35.0,Quận Hai Bà Trưng,nha_pho,8200000000,ban,8.2
52.4,Quận Cầu Giấy,nha_pho,17500000000,ban,17.5
30.0,Quận Hoàng Mai,nha_pho,6800000000,ban,6.8
35.0,Quận Thanh Xuân,nha_pho,7400000000,ban,7.4
65.0,Quận Hà Đông,nha_pho,17200000000,ban,17.2
80.0,Quận Long Biên,nha_pho,26000000000,ban,26.0
65.0,Quận Đống Đa,nha_pho,23500000000,ban,23.5
50.0,Quận Cầu Giấy,nha_pho,15500000000,ban,15.5
41.0,Quận Hoàng Mai,nha_pho,7290000000,ban,7.29
48.4,Quận Hà Đông,nha_pho,7600000000,ban,7.6
45.0,Quận Đống Đa,nha_pho,17500000000,ban,17.5
33.0,Quận Bắc Từ Liêm,nha_pho,8100000000,ban,8.1
80.0,Huyện Thanh Trì,nha_pho,13500000000,ban,13.5
32.0,Quận Đống Đa,nha_pho,10200000000,ban,10.2
36.0,Quận Bắc Từ Liêm,nha_pho,10000000000,ban,10.0
104.0,Quận Tây Hồ,nha_pho,27000000000,ban,27.0
45.0,Quận Hai Bà Trưng,nha_pho,9800000000,ban,9.8
33.0,Quận Cầu Giấy,nha_pho,11600000000,ban,11.6
41.0,Quận Hoàng Mai,nha_pho,10400000000,ban,10.4
31.0,Quận Hoàng Mai,nha_pho,6000000000,ban,6.0
34.0,Quận Nam Từ Liêm,nha_pho,8100000000,ban,8.1
68.0,Quận Ba Đình,chung_cu,25000000000,ban,25.0
39.0,Quận Hà Đông,nha_pho,5980000000,ban,5.98
30.0,Quận Hai Bà Trưng,nha_pho,6500000000,ban,6.5
35.0,Quận Hoàng Mai,nha_pho,8500000000,ban,8.5
40.0,Quận Thanh Xuân,nha_pho,4550000000,ban,4.55
30.0,Quận Hai Bà Trưng,nha_pho,5900000000,ban,5.9
32.0,Quận Bắc Từ Liêm,nha_pho,5305300000,ban,5.3053
35.0,Huyện Thanh Trì,nha_pho,6500000000,ban,6.5
65.0,Quận Đống Đa,nha_pho,17000000000,ban,17.0
50.0,Quận Cầu Giấy,nha_pho,9800000000,ban,9.8
25.0,Quận Hoàng Mai,nha_pho,4750000000,ban,4.75
27.0,Quận Hoàng Mai,nha_pho,7500000000,ban,7.5
65.0,Quận Long Biên,nha_pho,13000000000,ban,13.0
44.0,Huyện Mê Linh,nha_pho,2600000000,ban,2.6
40.0,Huyện Mê Linh,nha_pho,3200000000,ban,3.2
35.0,Quận Hà Đông,nha_pho,4444444444,ban,4.444444444
40.0,Quận Hai Bà Trưng,nha_pho,6900000000,ban,6.9
37.0,Quận Hai Bà Trưng,nha_pho,6780000000,ban,6.78
80.0,Huyện Thường Tín,nha_pho,15000000000,ban,15.0
70.0,Quận Cầu Giấy,nha_pho,26500000000,ban,26.5
40.0,Quận Đống Đa,nha_pho,11000000000,ban,11.0
60.0,Quận Cầu Giấy,nha_pho,14500000000,ban,14.5
69.0,Quận Thanh Xuân,nha_pho,8600000000,ban,8.6
50.0,Quận Cầu Giấy,nha_pho,8300000000,ban,8.3
40.0,Quận Long Biên,nha_pho,12750000000,ban,12.75
52.0,Quận Long Biên,nha_pho,12850000000,ban,12.85
51.9,Quận Long Biên,nha_pho,14000000000,ban,14.0
40.0,Huyện Thanh Trì,nha_pho,6300000000,ban,6.3
35.0,Quận Long Biên,nha_pho,9280000000,ban,9.28
32.4,Quận Hai Bà Trưng,nha_pho,9000000000,ban,9.0
36.0,Quận Ba Đình,nha_pho,30260000000,ban,30.26
42.0,Quận Tây Hồ,nha_pho,11500000000,ban,11.5
75.0,Quận Hà Đông,nha_pho,3750000000,ban,3.75
55.0,Quận Hai Bà Trưng,nha_pho,11900000000,ban,11.9
40.0,Quận Hai Bà Trưng,nha_pho,7050000000,ban,7.05
45.0,Quận Hoàng Mai,nha_pho,9800000000,ban,9.8
33.0,Quận Hoàng Mai,nha_pho,6990000000,ban,6.99
32.0,Quận Đống Đa,nha_pho,14166999999,ban,14.166999999
60.0,Quận Cầu Giấy,nha_pho,39800000000,ban,39.8
62.0,Quận Hà Đông,nha_pho,15000000000,ban,15.0
30.0,Quận Tây Hồ,nha_pho,4150000000,ban,4.15
28.0,Quận Tây Hồ,nha_pho,7500000000,ban,7.5
65.0,Quận Long Biên,nha_pho,17900000000,ban,17.9
32.0,Huyện Chương Mỹ,nha_pho,3500000000,ban,3.5
36.0,Quận Hoàng Mai,nha_pho,12000000000,ban,12.0
32.0,Huyện Chương Mỹ,nha_pho,2950000000,ban,2.95
40.0,Quận Cầu Giấy,nha_pho,12000000000,ban,12.0
47.0,Quận Hoàng Mai,nha_pho,12112000000,ban,12.112
31.0,Quận Hoàng Mai,nha_pho,7200000000,ban,7.2
28.0,Quận Hai Bà Trưng,nha_pho,6000000000,ban,6.0
40.0,Quận Đống Đa,nha_pho,13500000000,ban,13.5
45.0,Huyện Hoài Đức,nha_pho,3300000000,ban,3.3
55.0,Quận Hà Đông,nha_pho,14000000000,ban,14.0
58.0,Quận Hoàng Mai,nha_pho,15400000000,ban,15.4
22.0,Quận Đống Đa,nha_pho,4700000000,ban,4.7
75.0,Quận Long Biên,nha_pho,25500000000,ban,25.5
40.0,Quận Đống Đa,nha_pho,10000000000,ban,10.0
75.0,Quận Bắc Từ Liêm,nha_pho,19500000000,ban,19.5
38.0,Quận Thanh Xuân,nha_pho,6680000000,ban,6.68
43.0,Quận Thanh Xuân,nha_pho,8900000000,ban,8.9
42.0,Quận Đống Đa,nha_pho,7850000000,ban,7.85
41.0,Quận Đống Đa,nha_pho,7750000000,ban,7.75
115.0,Quận Thanh Xuân,dat,18500000000,ban,18.5
115.0,Quận Thanh Xuân,nha_pho,6680000000,ban,6.68
210.0,Huyện Hoài Đức,biet_thu,42000000000,ban,42.0
35.0,Quận Bắc Từ Liêm,nha_pho,8680000000,ban,8.68
78.0,Huyện Thường Tín,biet_thu,6300000000,ban,6.3
100.0,Huyện Thạch Thất,dat,3550000000,ban,3.55
125.0,Huyện Thạch Thất,dat,3500000000,ban,3.5
45.0,Quận Cầu Giấy,dat,12500000000,ban,12.5
60.0,Huyện Đông Anh,dat,3800000000,ban,3.8
55.0,Quận Long Biên,dat,5780000000,ban,5.78
50.0,Quận Long Biên,dat,7800000000,ban,7.8
30.0,Huyện Gia Lâm,nha_pho,6000000000,ban,6.0
78.0,Huyện Phú Xuyên,dat,4290000000,ban,4.29
150.0,Huyện Chương Mỹ,nha_pho,3900000000,ban,3.9
160.0,Huyện Thạch Thất,dat,7299000000,ban,7.299
80.0,Huyện Chương Mỹ,nha_pho,1300000000,ban,1.3
75.0,Huyện Sóc Sơn,dat,3100000000,ban,3.1
47.2999,Huyện Hoài Đức,dat,8999000000,ban,8.999
120.0,Huyện Sóc Sơn,nha_pho,3200000000,ban,3.2
60.0,Huyện Thanh Trì,dat,6900000000,ban,6.9
41.0,Huyện Đông Anh,dat,2850000000,ban,2.85
838.0,Quận Tây Hồ,nha_pho,139000000000,ban,139.0
73.0,Quận Bắc Từ Liêm,dat,8700000000,ban,8.7
23.0,Quận Long Biên,dat,5200000000,ban,5.2
60.0,Huyện Mỹ Đức,dat,400000000,ban,0.4
65.0,Huyện Thường Tín,dat,10725000000,ban,10.725
83.5998,Huyện Chương Mỹ,nha_pho,6800000000,ban,6.8
52.0,Quận Long Biên,dat,7400000000,ban,7.4
90.0,Huyện Đông Anh,nha_pho,3400000000,ban,3.4
56.0,Quận Long Biên,dat,7450000000,ban,7.45
70.0,Thị xã Sơn Tây,nha_pho,1600000000,ban,1.6
71.8,Huyện Mỹ Đức,dat,500000000,ban,0.5
53.7,Huyện Đông Anh,dat,4730000000,ban,4.73
40.0,Quận Hoàng Mai,dat,4100000000,ban,4.1
108.0,Quận Hoàng Mai,dat,8800000000,ban,8.8
116.0,Huyện Chương Mỹ,dat,2250000000,ban,2.25
46.0,Huyện Đông Anh,nha_pho,5600000000,ban,5.6
51.0,Quận Bắc Từ Liêm,dat,12500000000,ban,12.5
60.0,Quận Long Biên,dat,9300000000,ban,9.3
82.0,Quận Long Biên,dat,7200000000,ban,7.2
41.0,Huyện Hoài Đức,dat,8300000000,ban,8.3
42.0,Quận Nam Từ Liêm,dat,10600000000,ban,10.6
84.0,Huyện Thanh Trì,dat,12500000000,ban,12.5
70.0,Quận Thanh Xuân,dat,4500000000,ban,4.5
160.0,Huyện Quốc Oai,dat,4000000000,ban,4.0
100.0,Huyện Phúc Thọ,dat,2750000000,ban,2.75
98.1999,Huyện Thạch Thất,dat,4250000000,ban,4.25
558.0,Huyện Đông Anh,dat,1700000000,ban,1.7
65.0,Huyện Thanh Trì,dat,7400000000,ban,7.4
48.0998,Quận Hà Đông,nha_pho,4700000000,ban,4.7
50.0,Quận Long Biên,nha_pho,9950000000,ban,9.95
68.0,Huyện Gia Lâm,dat,135000000,ban,0.135
58.0,Huyện Mê Linh,dat,3100000000,ban,3.1
40.0,Huyện Đông Anh,dat,2800000000,ban,2.8
100.0,Huyện Quốc Oai,dat,2400000000,ban,2.4
100.0,Thị xã Sơn Tây,dat,1980000000,ban,1.98
88.8,Huyện Đông Anh,nha_pho,7620000000,ban,7.62
52.0,Quận Nam Từ Liêm,dat,5700000000,ban,5.7
100.0,Huyện Đông Anh,dat,6000000000,ban,6.0
103.0,Huyện Thạch Thất,nha_pho,3550000000,ban,3.55
110.0,Huyện Thạch Thất,dat,3249000000,ban,3.249
55.0,Huyện Hoài Đức,dat,4999999999,ban,4.999999999
45.0,Huyện Hoài Đức,nha_pho,3750000000,ban,3.75
58.0,Huyện Đông Anh,nha_pho,5300000000,ban,5.3
46.0,Huyện Hoài Đức,dat,3400000000,ban,3.4
100.0,Huyện Đông Anh,nha_pho,5320000000,ban,5.32
1034.0,Huyện Thạch Thất,nha_pho,5000000000,ban,5.0
70.0,Quận Long Biên,dat,15700000000,ban,15.7
100.0,Thị xã Sơn Tây,dat,2800000000,ban,2.8
100.0,Huyện Thạch Thất,dat,3200000000,ban,3.2
100.0,Huyện Thạch Thất,dat,2600000000,ban,2.6
44.0,Quận Hà Đông,dat,2950000000,ban,2.95
88.0,Huyện Chương Mỹ,nha_pho,1638000000,ban,1.638
100.0,Huyện Sóc Sơn,dat,1200000000,ban,1.2
65.0,Quận Long Biên,dat,17000000000,ban,17.0
64.0,Huyện Mê Linh,nha_pho,3780000000,ban,3.78
84.0,Huyện Thanh Oai,dat,5600000000,ban,5.6
65.0,Quận Hoàng Mai,dat,1000000000,ban,1.0
54.0,Huyện Mỹ Đức,dat,600000000,ban,0.6
54.0,Huyện Mê Linh,dat,2650000000,ban,2.65
116.0,Huyện Mê Linh,dat,3300000000,ban,3.3
420.0,Huyện Sóc Sơn,dat,20000000000,ban,20.0
650.0,Huyện Chương Mỹ,dat,4200000000,ban,4.2
37.0,Quận Hà Đông,dat,3350000000,ban,3.35
124.0,Huyện Sóc Sơn,nha_pho,6580000000,ban,6.58
65.0,Huyện Sóc Sơn,nha_pho,8000000000,ban,8.0
100.0,Huyện Quốc Oai,dat,2800000000,ban,2.8
51.0,Huyện Đông Anh,dat,4020000000,ban,4.02
100.0,Thị xã Sơn Tây,dat,3500000000,ban,3.5
500.0,Huyện Thanh Trì,dat,2500000000,ban,2.5
60.0,Huyện Đông Anh,dat,7650000000,ban,7.65
100.0,Thị xã Sơn Tây,nha_pho,2000000000,ban,2.0
60.0,Quận Hà Đông,dat,13100000000,ban,13.1
85.0,Quận Long Biên,dat,21900000000,ban,21.9
62.0,Thị xã Sơn Tây,nha_pho,1650000000,ban,1.65
36.0,Quận Long Biên,dat,5000000000,ban,5.0
80.0,Quận Bắc Từ Liêm,dat,11000000000,ban,11.0
89.0,Huyện Đông Anh,dat,7565000000,ban,7.565
115.8,Huyện Đông Anh,dat,8500000000,ban,8.5
31.0,Quận Bắc Từ Liêm,dat,7800000000,ban,7.8
70.0,Quận Long Biên,dat,16000000000,ban,16.0
50.0,Huyện Đông Anh,nha_pho,5800000000,ban,5.8
80.0,Huyện Đông Anh,dat,10300000000,ban,10.3
36.0,Quận Long Biên,dat,6000000000,ban,6.0
88.0,Huyện Chương Mỹ,dat,1808000000,ban,1.808
1247.0,Huyện Sóc Sơn,dat,18705000000,ban,18.705
150.0,Huyện Quốc Oai,dat,5400000000,ban,5.4
40.0,Quận Hà Đông,nha_pho,7000000000,ban,7.0
124.0,Quận Tây Hồ,dat,26000000000,ban,26.0
77.0,Quận Long Biên,dat,20500000000,ban,20.5
74.0,Quận Long Biên,dat,15500000000,ban,15.5
100.0,Huyện Sóc Sơn,dat,680000000,ban,0.68
80.0,Huyện Thanh Trì,dat,7500000000,ban,7.5
51.0,Huyện Thường Tín,dat,3850000000,ban,3.85
50.0,Quận Bắc Từ Liêm,dat,7300000000,ban,7.3
50.0,Quận Nam Từ Liêm,dat,7000000000,ban,7.0
55.0,Huyện Thanh Trì,nha_pho,9900000000,ban,9.9
118.0,Huyện Sóc Sơn,nha_pho,3800000000,ban,3.8
300.0,Quận Hà Đông,dat,9000000000,ban,9.0
41.0,Quận Bắc Từ Liêm,dat,5450000000,ban,5.45
60.0,Quận Hà Đông,dat,4500000000,ban,4.5
100.0,Huyện Thạch Thất,nha_pho,5000000000,ban,5.0
109.0,Thị xã Sơn Tây,dat,2800000000,ban,2.8
245.0,Huyện Quốc Oai,dat,4160000000,ban,4.16
100.0,Thị xã Sơn Tây,nha_pho,3000000000,ban,3.0
100.0,Huyện Thạch Thất,dat,2820000000,ban,2.82
94.0,Huyện Sóc Sơn,nha_pho,7580000000,ban,7.58
99.0,Huyện Sóc Sơn,nha_pho,3000000000,ban,3.0
95.0,Huyện Sóc Sơn,nha_pho,5400000000,ban,5.4
670.0,Quận Hà Đông,dat,58500000000,ban,58.5
60.0,Huyện Chương Mỹ,nha_pho,3600000000,ban,3.6
62.9,Quận Hà Đông,dat,20900000000,ban,20.9
50.0,Huyện Đông Anh,nha_pho,4695000000,ban,4.695
100.0,Huyện Quốc Oai,dat,2800000000,ban,2.8
33.5999,Quận Long Biên,dat,6450000000,ban,6.45
68.0,Huyện Đông Anh,nha_pho,6500000000,ban,6.5
66.0,Huyện Đông Anh,dat,11000000000,ban,11.0
52.0,Quận Long Biên,nha_pho,15500000000,ban,15.5
100.0,Huyện Sóc Sơn,nha_pho,2500000000,ban,2.5
35.0,Huyện Thanh Trì,dat,2700000000,ban,2.7
70.0,Huyện Đông Anh,nha_pho,7900000000,ban,7.9
48.2,Huyện Đan Phượng,dat,2700000000,ban,2.7
80.0,Huyện Chương Mỹ,dat,1000000000,ban,1.0
50.0,Quận Hà Đông,dat,15200000000,ban,15.2
33.0,Quận Long Biên,dat,5500000000,ban,5.5
54.0,Quận Hà Đông,dat,5500000000,ban,5.5
75.0,Quận Hà Đông,dat,17900000000,ban,17.9
42.5999,Huyện Đông Anh,dat,4050000000,ban,4.05
41.0,Quận Hà Đông,dat,7100000000,ban,7.1
64.0,Huyện Chương Mỹ,dat,2650000000,ban,2.65
41.7999,Quận Hà Đông,dat,4299999999,ban,4.299999999
80.0,Huyện Đông Anh,dat,5200000000,ban,5.2
51.0,Huyện Đông Anh,nha_pho,1950000000,ban,1.95
73.0,Huyện Đông Anh,dat,4000000000,ban,4.0
83.3,Huyện Mê Linh,dat,3800000000,ban,3.8
2156.0,Huyện Quốc Oai,nha_pho,18500000000,ban,18.5
41.0999,Quận Long Biên,dat,4700000000,ban,4.7
87.3,Huyện Mê Linh,dat,4135313700,ban,4.1353137
52.5,Quận Hà Đông,dat,3000000000,ban,3.0
65.0,Huyện Thạch Thất,dat,2700000000,ban,2.7
180.0,Huyện Sóc Sơn,dat,15300000000,ban,15.3
50.0,Huyện Gia Lâm,nha_pho,7500000000,ban,7.5
411.0,Huyện Thạch Thất,nha_pho,12800000000,ban,12.8
60.0,Quận Hoàng Mai,dat,17000000000,ban,17.0
51.0,Huyện Đông Anh,nha_pho,4550000000,ban,4.55
100.0,Huyện Quốc Oai,dat,4700000000,ban,4.7
48.7,Huyện Đông Anh,nha_pho,4550000000,ban,4.55
42.5,Quận Long Biên,dat,6750000000,ban,6.75
106.8,Quận Hoàng Mai,dat,17700000000,ban,17.7
104.4,Huyện Quốc Oai,nha_pho,2200000000,ban,2.2
60.2,Huyện Thạch Thất,dat,2450000000,ban,2.45
42.5999,Quận Hà Đông,dat,7550000000,ban,7.55
230.0,Thị xã Sơn Tây,dat,5000000000,ban,5.0
115.0,Quận Cầu Giấy,nha_pho,44800000000,ban,44.8
80.0,Huyện Quốc Oai,dat,3000000000,ban,3.0
100.0,Huyện Quốc Oai,dat,3300000000,ban,3.3
80.0,Huyện Chương Mỹ,nha_pho,1500000000,ban,1.5
12.0,Huyện Hoài Đức,dat,26000000000,ban,26.0
53.0,Quận Tây Hồ,dat,11800000000,ban,11.8
30.0,Quận Hà Đông,dat,7000000000,ban,7.0
2160.0,Quận Tây Hồ,nha_pho,2800000000,ban,2.8
51.0,Quận Bắc Từ Liêm,dat,11800000000,ban,11.8
100.0,Huyện Thạch Thất,dat,2750000000,ban,2.75
80.0,Huyện Chương Mỹ,dat,1000000000,ban,1.0
54.0,Quận Bắc Từ Liêm,dat,9000000000,ban,9.0
102.0,Huyện Thạch Thất,dat,2290000000,ban,2.29
89.0,Huyện Đông Anh,nha_pho,11700000000,ban,11.7
100.0,Huyện Thạch Thất,dat,2480000000,ban,2.48
50.0,Huyện Thanh Trì,dat,4000000000,ban,4.0
1029.0,Quận Bắc Từ Liêm,dat,85000000000,ban,85.0
80.0,Huyện Chương Mỹ,dat,1300000000,ban,1.3
100.0,Huyện Thạch Thất,dat,2320000000,ban,2.32
140.0,Quận Bắc Từ Liêm,dat,19000000000,ban,19.0
264.0,Huyện Hoài Đức,dat,1320000000,ban,1.32
77.0,Huyện Thanh Oai,nha_pho,7900000000,ban,7.9
120.0,Quận Long Biên,dat,48000000000,ban,48.0
52.5,Huyện Sóc Sơn,dat,2800000000,ban,2.8
74.0,Quận Bắc Từ Liêm,nha_pho,14200000000,ban,14.2
100.0,Quận Hà Đông,dat,7500000000,ban,7.5
120.0,Quận Long Biên,dat,45000000000,ban,45.0
100.0,Huyện Ba Vì,dat,900000000,ban,0.9
60.0,Huyện Thanh Trì,dat,6000000000,ban,6.0
100.0,Huyện Quốc Oai,nha_pho,1900000000,ban,1.9
113.0,Huyện Gia Lâm,dat,6780000000,ban,6.78
65.0,Thị xã Sơn Tây,dat,2500000000,ban,2.5
102.0,Huyện Thạch Thất,nha_pho,3100000000,ban,3.1
90.0,Huyện Chương Mỹ,dat,1500000000,ban,1.5
150.0,Huyện Đông Anh,dat,16800000000,ban,16.8
65.0,Quận Long Biên,dat,9800000000,ban,9.8
50.0,Huyện Hoài Đức,dat,5950000000,ban,5.95
34.7,Quận Long Biên,dat,6500000000,ban,6.5
60.0,Huyện Thạch Thất,dat,2500000000,ban,2.5
70.0,Huyện Sóc Sơn,nha_pho,1400000000,ban,1.4
1220.0,Quận Hoàng Mai,nha_pho,72000000000,ban,72.0
1000.0,Huyện Đông Anh,dat,35000000000,ban,35.0
100.0,Huyện Quốc Oai,nha_pho,3500000000,ban,3.5
44.0,Huyện Hoài Đức,dat,3520000000,ban,3.52
69.0,Huyện Mê Linh,dat,2050000000,ban,2.05
67.9,Huyện Thạch Thất,dat,3500000000,ban,3.5
42.7999,Huyện Đông Anh,nha_pho,2900000000,ban,2.9
80.0,Huyện Chương Mỹ,dat,1300000000,ban,1.3
80.0,Huyện Chương Mỹ,dat,1700000000,ban,1.7
100.0,Huyện Thạch Thất,dat,3480000000,ban,3.48
57.0,Huyện Chương Mỹ,dat,3900000000,ban,3.9
63.0,Quận Long Biên,dat,8300000000,ban,8.3
120.0,Huyện Chương Mỹ,dat,2450000000,ban,2.45
45.0,Quận Bắc Từ Liêm,nha_pho,9286000000,ban,9.286
60.0,Huyện Thanh Trì,dat,3700000000,ban,3.7
65.0,Huyện Thạch Thất,dat,2300000000,ban,2.3
45.0,Huyện Gia Lâm,dat,5000000000,ban,5.0
23.0,Quận Long Biên,dat,5000000000,ban,5.0
67.0,Huyện Thạch Thất,dat,570000000,ban,0.57
100.0,Quận Hoàng Mai,dat,18000000000,ban,18.0
150.0,Huyện Thạch Thất,dat,8350000000,ban,8.35
128.0,Huyện Thạch Thất,dat,3950000000,ban,3.95
86.0,Huyện Chương Mỹ,dat,1800000000,ban,1.8
50.0,Quận Bắc Từ Liêm,dat,7300000000,ban,7.3
105.0,Quận Hà Đông,dat,12600000000,ban,12.6
81.0,Quận Long Biên,dat,10500000000,ban,10.5
70.0,Quận Long Biên,dat,1650000000,ban,1.65
100.0,Huyện Quốc Oai,dat,5200000000,ban,5.2
48.0,Huyện Chương Mỹ,dat,2450000000,ban,2.45
47.0,Quận Long Biên,dat,8000000000,ban,8.0
45.7999,Quận Nam Từ Liêm,dat,850000000,ban,0.85
180.0,Huyện Thạch Thất,dat,6300000000,ban,6.3
60.0,Quận Hà Đông,dat,15200000000,ban,15.2
80.0,Huyện Chương Mỹ,dat,1699999999,ban,1.699999999
47.0,Quận Long Biên,dat,8950000000,ban,8.95
58.0,Quận Hà Đông,dat,8900000000,ban,8.9
86.0,Huyện Mê Linh,nha_pho,4500000000,ban,4.5
35.0,Quận Long Biên,nha_pho,9600000000,ban,9.6
50.0,Quận Hà Đông,dat,5600000000,ban,5.6
50.0,Thị xã Sơn Tây,dat,1700000000,ban,1.7
50000.0,Huyện Thạch Thất,dat,6500000000,ban,6.5
105.0,Huyện Thanh Oai,dat,9580000000,ban,9.58
80.0,Huyện Chương Mỹ,dat,1360000000,ban,1.36
100.0,Huyện Thạch Thất,nha_pho,4000000000,ban,4.0
80.0,Huyện Đông Anh,nha_pho,145000000,ban,0.145
55.0,Quận Long Biên,dat,9600000000,ban,9.6
40.0,Quận Bắc Từ Liêm,dat,5850000000,ban,5.85
75.0,Quận Bắc Từ Liêm,dat,19500000000,ban,19.5
50.0,Huyện Mê Linh,nha_pho,2800000000,ban,2.8
120.0,Huyện Thạch Thất,dat,6700000000,ban,6.7
42.0,Huyện Đông Anh,dat,3250000000,ban,3.25
61.0,Quận Long Biên,nha_pho,15000000000,ban,15.0
55.2,Huyện Đan Phượng,dat,8330000000,ban,8.33
92.0,Quận Bắc Từ Liêm,nha_pho,21000000000,ban,21.0
78.5,Huyện Hoài Đức,biet_thu,13000000000,ban,13.0
53.0,Huyện Thạch Thất,dat,5000000000,ban,5.0
60.2,Thị xã Sơn Tây,dat,1500000000,ban,1.5
66.1999,Quận Hà Đông,dat,4000000000,ban,4.0
60.5,Thị xã Sơn Tây,dat,2000000000,ban,2.0
61.0,Quận Long Biên,dat,15860000000,ban,15.86
115.0,Huyện Chương Mỹ,dat,1700000000,ban,1.7
127.0,Huyện Sóc Sơn,nha_pho,4570000000,ban,4.57
100.0,Thị xã Sơn Tây,nha_pho,3500000000,ban,3.5
64.0,Quận Hoàng Mai,nha_pho,8600000000,ban,8.6
34.0,Quận Long Biên,nha_pho,4450000000,ban,4.45
100.0,Huyện Quốc Oai,dat,2400000000,ban,2.4
124.5,Huyện Sóc Sơn,dat,1800000000,ban,1.8
80.0,Huyện Quốc Oai,nha_pho,4700000000,ban,4.7
80.0,Huyện Sóc Sơn,nha_pho,3290000000,ban,3.29
100.0,Thị xã Sơn Tây,dat,3500000000,ban,3.5
50.0,Quận Hà Đông,dat,13700000000,ban,13.7
107.0,Huyện Sóc Sơn,dat,1690000000,ban,1.69
162.0,Huyện Đan Phượng,dat,10000000000,ban,10.0
109.0,Quận Cầu Giấy,dat,44900000000,ban,44.9
80.0,Huyện Sóc Sơn,dat,1900000000,ban,1.9
141.0,Huyện Sóc Sơn,dat,2350000000,ban,2.35
100.0,Huyện Quốc Oai,dat,1900000000,ban,1.9
100.0,Huyện Quốc Oai,nha_pho,4800000000,ban,4.8
204.0,Huyện Quốc Oai,dat,7300000000,ban,7.3
69.0,Huyện Thanh Oai,nha_pho,85000000,ban,0.085
200.0,Huyện Gia Lâm,nha_pho,22800000000,ban,22.8
57.0,Quận Bắc Từ Liêm,dat,10500000000,ban,10.5
196.0,Huyện Mê Linh,dat,8820000000,ban,8.82
65.0,Quận Hà Đông,dat,5070000000,ban,5.07
408.0,Huyện Quốc Oai,dat,1346400000,ban,1.3464
56.0,Quận Long Biên,dat,6000000000,ban,6.0
51.0,Quận Hà Đông,nha_pho,4500000000,ban,4.5
50.0,Thị xã Sơn Tây,dat,1000000000,ban,1.0
73.8,Huyện Đông Anh,dat,4700000000,ban,4.7
82.0,Huyện Chương Mỹ,nha_pho,2200000000,ban,2.2
44.0,Quận Hà Đông,nha_pho,8750000000,ban,8.75
100.0,Huyện Thạch Thất,dat,3870000000,ban,3.87
75.0,Huyện Đan Phượng,nha_pho,12200000000,ban,12.2
100.0,Huyện Sóc Sơn,dat,1490000000,ban,1.49
100.0,Huyện Thạch Thất,dat,3400000000,ban,3.4
100.0,Thị xã Sơn Tây,dat,2500000000,ban,2.5
76.0,Quận Bắc Từ Liêm,dat,20900000000,ban,20.9
60.0,Quận Tây Hồ,dat,12400000000,ban,12.4
175.0,Quận Long Biên,dat,41000000000,ban,41.0
120.0,Quận Bắc Từ Liêm,dat,17200000000,ban,17.2
180.0,Huyện Đông Anh,dat,22500000000,ban,22.5
80.0,Huyện Thạch Thất,dat,5999999999,ban,5.999999999
80.0,Huyện Chương Mỹ,dat,1500000000,ban,1.5
70.0,Quận Bắc Từ Liêm,dat,13600000000,ban,13.6
108.0,Huyện Sóc Sơn,dat,6200000000,ban,6.2
100.0,Huyện Quốc Oai,dat,2182368688,ban,2.182368688
120.0,Quận Hoàng Mai,dat,20500000000,ban,20.5
30.0,Quận Tây Hồ,dat,6500000000,ban,6.5
45.0,Quận Hoàng Mai,dat,8600000000,ban,8.6
86.0,Huyện Chương Mỹ,dat,1586000000,ban,1.586
52.0,Quận Long Biên,dat,11100000000,ban,11.1
115.0,Huyện Sóc Sơn,nha_pho,4800000000,ban,4.8
50.0,Quận Hà Đông,nha_pho,3333000000,ban,3.333
80.0,Huyện Chương Mỹ,dat,3200000000,ban,3.2
83.0,Huyện Đông Anh,dat,7350000000,ban,7.35
52.5998,Quận Long Biên,dat,13676000000,ban,13.676
80.0,Huyện Đan Phượng,dat,4840000000,ban,4.84
37.0,Quận Long Biên,dat,6450000000,ban,6.45
37.0,Quận Hà Đông,dat,2700000000,ban,2.7
80.0,Huyện Đan Phượng,dat,4840000000,ban,4.84
85.0,Huyện Chương Mỹ,dat,1700000000,ban,1.7
60.0,Huyện Gia Lâm,nha_pho,8700000000,ban,8.7
65.0,Huyện Quốc Oai,dat,3800000000,ban,3.8
475.0,Huyện Thường Tín,dat,1500000000,ban,1.5
80.0,Quận Hoàng Mai,dat,1250000000,ban,1.25
80.0,Huyện Chương Mỹ,dat,3200000000,ban,3.2
80.0,Huyện Đông Anh,dat,6000000000,ban,6.0
25.0,Quận Hoàng Mai,dat,4900000000,ban,4.9
40.0,Quận Long Biên,nha_pho,5900000000,ban,5.9
96.0,Quận Long Biên,dat,5150000000,ban,5.15
84.0,Huyện Đan Phượng,dat,5500000000,ban,5.5
100.0,Huyện Thạch Thất,nha_pho,1720000000,ban,1.72
106.0,Huyện Chương Mỹ,dat,1600000000,ban,1.6
37.0,Quận Long Biên,dat,6300000000,ban,6.3
113.0,Huyện Gia Lâm,dat,9255000000,ban,9.255
100.0,Huyện Sóc Sơn,nha_pho,1580000000,ban,1.58
146.0,Huyện Quốc Oai,dat,6000000000,ban,6.0
84.0,Huyện Mỹ Đức,dat,400000000,ban,0.4
59.7999,Huyện Hoài Đức,nha_pho,7000000000,ban,7.0
100.0,Huyện Quốc Oai,dat,2200000000,ban,2.2
101.0,Huyện Gia Lâm,nha_pho,7500000000,ban,7.5
67.5998,Huyện Thạch Thất,dat,2250000000,ban,2.25
100.0,Huyện Thạch Thất,dat,3000000000,ban,3.0
80.0,Huyện Chương Mỹ,dat,2500000000,ban,2.5
90.0,Huyện Mỹ Đức,dat,399999999,ban,0.399999999
50.0,Huyện Đông Anh,dat,5800000000,ban,5.8
52.0,Quận Long Biên,nha_pho,15000000000,ban,15.0
163.0,Huyện Đông Anh,nha_pho,10800000000,ban,10.8
95.0,Huyện Đông Anh,dat,14500000000,ban,14.5
125.0,Quận Cầu Giấy,dat,29000000000,ban,29.0
168.0,Quận Long Biên,dat,17500000000,ban,17.5
40.0,Huyện Gia Lâm,dat,3700000000,ban,3.7
100.0,Huyện Hoài Đức,dat,2000000000,ban,2.0
100.3,Huyện Sóc Sơn,dat,3500000000,ban,3.5
67.0,Huyện Thạch Thất,dat,1850000000,ban,1.85
100.0,Huyện Thạch Thất,nha_pho,2500000000,ban,2.5
91.0,Huyện Sóc Sơn,dat,2250000000,ban,2.25
100.0,Huyện Quốc Oai,dat,2500000000,ban,2.5
58.0,Huyện Sóc Sơn,nha_pho,2100000000,ban,2.1
151.0,Huyện Mỹ Đức,nha_pho,1390000000,ban,1.39
45.0,Huyện Mê Linh,dat,1950000000,ban,1.95
82.0,Quận Long Biên,dat,18900000000,ban,18.9
152.0,Thị xã Sơn Tây,nha_pho,3900000000,ban,3.9
80.0,Huyện Chương Mỹ,dat,1100000000,ban,1.1
38.0,Quận Hà Đông,dat,2900000000,ban,2.9
50.0,Quận Long Biên,dat,8000000000,ban,8.0
100.0,Huyện Quốc Oai,dat,1900000000,ban,1.9
54.0,Huyện Hoài Đức,dat,6600000000,ban,6.6
120.0,Huyện Thạch Thất,dat,3800000000,ban,3.8
100.0,Huyện Quốc Oai,dat,2600000000,ban,2.6
100.0,Huyện Quốc Oai,dat,2500000000,ban,2.5
43.0,Quận Nam Từ Liêm,dat,7300000000,ban,7.3
76.0,Huyện Sóc Sơn,nha_pho,2200000000,ban,2.2
42.0,Huyện Đông Anh,nha_pho,2850000000,ban,2.85
77.0,Huyện Hoài Đức,dat,8400000000,ban,8.4
35.0,Huyện Gia Lâm,nha_pho,7900000000,ban,7.9
50.0,Quận Hà Đông,nha_pho,7300000000,ban,7.3
42.0,Huyện Thanh Trì,dat,4900000000,ban,4.9
40.0,Quận Hà Đông,dat,4000000000,ban,4.0
180.0,Huyện Thanh Oai,nha_pho,3600000000,ban,3.6
100.0,Huyện Quốc Oai,dat,3000000000,ban,3.0
125.0,Quận Bắc Từ Liêm,dat,51000000000,ban,51.0
33.0,Quận Hà Đông,dat,4000000000,ban,4.0
62.0,Huyện Đông Anh,dat,5000000000,ban,5.0
100.0,Huyện Thạch Thất,dat,4500000000,ban,4.5
80.0,Huyện Chương Mỹ,nha_pho,1367000000,ban,1.367
61.0,Quận Nam Từ Liêm,dat,8300000000,ban,8.3
80.0,Huyện Chương Mỹ,nha_pho,1708000000,ban,1.708
42.0,Quận Nam Từ Liêm,dat,6800000000,ban,6.8
80.0,Huyện Chương Mỹ,dat,1476000000,ban,1.476
60.0,Quận Hà Đông,dat,3200000000,ban,3.2
37.0,Quận Thanh Xuân,dat,11500000000,ban,11.5
65.0,Quận Hà Đông,dat,2800000000,ban,2.8
92.0,Quận Hai Bà Trưng,dat,15500000000,ban,15.5
70.0,Quận Nam Từ Liêm,dat,8100000000,ban,8.1
60.0,Quận Hà Đông,dat,2600000000,ban,2.6
32.0,Quận Hà Đông,nha_pho,5950000000,ban,5.95
62.5,Quận Hoàng Mai,dat,11800000000,ban,11.8
52.0,Quận Long Biên,dat,11100000000,ban,11.1
92.0,Huyện Thạch Thất,nha_pho,4500000000,ban,4.5
187.0,Huyện Quốc Oai,dat,2850000000,ban,2.85
86.5,Huyện Chương Mỹ,dat,4190000000,ban,4.19
80.0,Huyện Chương Mỹ,dat,1710000000,ban,1.71
93.0,Huyện Thanh Oai,dat,8700000000,ban,8.7
60.0,Huyện Đông Anh,nha_pho,5500000000,ban,5.5
68.0,Huyện Đông Anh,dat,15500000000,ban,15.5
196.0,Huyện Gia Lâm,dat,11500000000,ban,11.5
50.0,Quận Hà Đông,dat,9500000000,ban,9.5
32.0,Quận Long Biên,dat,5600000000,ban,5.6
300.0,Huyện Quốc Oai,dat,15000000000,ban,15.0
92.5,Huyện Mê Linh,dat,5000000000,ban,5.0
62.0,Quận Long Biên,dat,8600000000,ban,8.6
85.0,Huyện Chương Mỹ,dat,1370000000,ban,1.37
90.0,Huyện Sóc Sơn,dat,5100000000,ban,5.1
110.0,Huyện Quốc Oai,nha_pho,2568133346,ban,2.568133346
61.5,Huyện Thạch Thất,dat,2300000000,ban,2.3
100.0,Huyện Quốc Oai,nha_pho,3600000000,ban,3.6
128.0,Huyện Thạch Thất,dat,4500000000,ban,4.5
54.0,Huyện Gia Lâm,dat,7500000000,ban,7.5
100.0,Huyện Quốc Oai,dat,2600000000,ban,2.6
100.0,Thị xã Sơn Tây,nha_pho,3300000000,ban,3.3
100.0,Huyện Chương Mỹ,dat,2700000000,ban,2.7
106.0,Huyện Đông Anh,dat,21700000000,ban,21.7
53.0,Huyện Đông Anh,dat,5200000000,ban,5.2
55.0,Huyện Thanh Trì,dat,7425000000,ban,7.425
72.0,Quận Tây Hồ,dat,13900000000,ban,13.9
55.0,Quận Hai Bà Trưng,dat,16850000000,ban,16.85
38.0,Quận Hà Đông,nha_pho,2990000000,ban,2.99
107.0,Huyện Quốc Oai,dat,4760000000,ban,4.76
112.0,Quận Long Biên,dat,9500000000,ban,9.5
100.0,Huyện Thạch Thất,dat,5200000000,ban,5.2
69.0,Huyện Đông Anh,dat,7900000000,ban,7.9
43.0,Quận Hoàng Mai,dat,6900000000,ban,6.9
66.0,Huyện Đông Anh,dat,5748000000,ban,5.748
459.0,Huyện Phúc Thọ,dat,21000000000,ban,21.0
43.0,Quận Long Biên,dat,5800000000,ban,5.8
50.0,Quận Cầu Giấy,dat,8200000000,ban,8.2
124.0,Huyện Phúc Thọ,nha_pho,7400000000,ban,7.4
48.0,Quận Bắc Từ Liêm,dat,10500000000,ban,10.5
145.0,Thị xã Sơn Tây,dat,3300000000,ban,3.3
100.0,Thị xã Sơn Tây,nha_pho,3200000000,ban,3.2
58.0,Huyện Mê Linh,dat,2900000000,ban,2.9
205.0,Quận Hai Bà Trưng,nha_pho,44000000000,ban,44.0
57.0,Huyện Đông Anh,dat,1500000000,ban,1.5
82.5999,Quận Bắc Từ Liêm,dat,9950000000,ban,9.95
55.0,Quận Ba Đình,nha_pho,12500000000,ban,12.5
90.0,Quận Cầu Giấy,nha_pho,33000000000,ban,33.0
61.0,Thị xã Sơn Tây,dat,2400000000,ban,2.4
100.0,Huyện Thạch Thất,nha_pho,4000000000,ban,4.0
100.0,Quận Bắc Từ Liêm,dat,17800000000,ban,17.8
176.0,Quận Tây Hồ,biet_thu,98000000000,ban,98.0
58.0,Quận Bắc Từ Liêm,dat,11000000000,ban,11.0
58.0,Quận Bắc Từ Liêm,dat,11200000000,ban,11.2
177.0,Quận Thanh Xuân,nha_pho,5200000000,ban,5.2
55.0,Quận Long Biên,dat,6100000000,ban,6.1
50.0,Quận Hà Đông,dat,12800000000,ban,12.8
177.0,Huyện Gia Lâm,dat,12000000000,ban,12.0
32.0,Quận Hà Đông,dat,6000000000,ban,6.0
100.0,Thị xã Sơn Tây,dat,2500000000,ban,2.5
80.0,Quận Bắc Từ Liêm,dat,21500000000,ban,21.5
126.8,Huyện Gia Lâm,dat,6000000000,ban,6.0
50.0,Huyện Phú Xuyên,dat,850000000,ban,0.85
80.0,Huyện Chương Mỹ,dat,1410000000,ban,1.41
80.0,Huyện Chương Mỹ,nha_pho,1450000000,ban,1.45
1640.0,Huyện Sóc Sơn,nha_pho,7400000000,ban,7.4
80.0,Huyện Chương Mỹ,dat,1200000000,ban,1.2
51.5998,Quận Long Biên,dat,10900000000,ban,10.9
65.0,Quận Long Biên,dat,16950000000,ban,16.95
68.0,Huyện Đông Anh,nha_pho,3400000000,ban,3.4
80.0,Quận Long Biên,dat,15500000000,ban,15.5
90.0,Quận Long Biên,dat,18300000000,ban,18.3
56.0,Quận Hà Đông,dat,9500000000,ban,9.5
50.0,Quận Hà Đông,dat,12900000000,ban,12.9
65.0,Huyện Chương Mỹ,nha_pho,3500000000,ban,3.5
50.0,Quận Hà Đông,dat,12400000000,ban,12.4
134.0,Huyện Đông Anh,nha_pho,7750000000,ban,7.75
111.0,Huyện Đông Anh,dat,9850000000,ban,9.85
80.0,Huyện Đông Anh,nha_pho,11000000000,ban,11.0
180.0,Huyện Đông Anh,dat,16600000000,ban,16.6
60.0,Quận Nam Từ Liêm,nha_pho,1080000000,ban,1.08
90.0,Huyện Đông Anh,dat,7200000000,ban,7.2
42.9,Huyện Đông Anh,dat,4000000000,ban,4.0
40.0,Huyện Đông Anh,dat,4100000000,ban,4.1
41.2999,Quận Hà Đông,dat,6600000000,ban,6.6
62.0,Quận Hoàng Mai,dat,8500000000,ban,8.5
94.0,Quận Tây Hồ,dat,50900000000,ban,50.9
40.5999,Huyện Thanh Trì,dat,2600000000,ban,2.6
81.3,Huyện Thường Tín,dat,5486900000,ban,5.4869
103.0,Huyện Quốc Oai,dat,618000000,ban,0.618
35.0,Huyện Đông Anh,nha_pho,2650000000,ban,2.65
106.0,Huyện Sóc Sơn,nha_pho,1730000000,ban,1.73
100.0,Thị xã Sơn Tây,dat,4000000000,ban,4.0
90.0,Huyện Mê Linh,dat,9100000000,ban,9.1
150.0,Huyện Ba Vì,nha_pho,2250000000,ban,2.25
76.0,Huyện Thạch Thất,nha_pho,2299000000,ban,2.299
2200.0,Huyện Ba Vì,dat,11000000000,ban,11.0
150.0,Quận Tây Hồ,dat,36000000000,ban,36.0
40.0,Huyện Thanh Trì,dat,2900000000,ban,2.9
100.0,Huyện Quốc Oai,nha_pho,3500000000,ban,3.5
150.0,Huyện Ba Vì,nha_pho,1800000000,ban,1.8
108.0,Huyện Sóc Sơn,dat,3200000000,ban,3.2
86.4,Huyện Sóc Sơn,dat,2590000000,ban,2.59
51.0,Huyện Gia Lâm,dat,3300000000,ban,3.3
50.0,Quận Bắc Từ Liêm,dat,8750000000,ban,8.75
100.0,Huyện Ba Vì,dat,768000000,ban,0.768
77.0,Huyện Chương Mỹ,dat,5500000000,ban,5.5
50.0,Quận Nam Từ Liêm,dat,11000000000,ban,11.0
180.0,Quận Hoàng Mai,dat,4620000000,ban,4.62
70.0,Quận Hoàng Mai,dat,1450000000,ban,1.45
50.0,Quận Hà Đông,dat,2800000000,ban,2.8
147.0,Thị xã Sơn Tây,dat,2500000000,ban,2.5
76.0,Huyện Đông Anh,dat,10800000000,ban,10.8
90.0,Quận Hà Đông,dat,1800000000,ban,1.8
151.0,Huyện Thạch Thất,dat,4000000000,ban,4.0
88.0,Huyện Chương Mỹ,nha_pho,2800000000,ban,2.8
80.0,Huyện Sóc Sơn,nha_pho,2090000000,ban,2.09
75.0,Huyện Quốc Oai,dat,5500000000,ban,5.5
102.0,Huyện Sóc Sơn,nha_pho,2890000000,ban,2.89
100.0,Huyện Sóc Sơn,dat,880000000,ban,0.88
100.0,Huyện Quốc Oai,nha_pho,3500000000,ban,3.5
70.0,Huyện Quốc Oai,dat,2500000000,ban,2.5
205.0,Quận Hai Bà Trưng,nha_pho,44000000000,ban,44.0
28.0,Quận Hoàng Mai,dat,4900000000,ban,4.9
50.0,Quận Nam Từ Liêm,dat,10900000000,ban,10.9
50.0,Quận Nam Từ Liêm,dat,10900000000,ban,10.9
53.0,Quận Bắc Từ Liêm,dat,4484000000,ban,4.484
40.0,Quận Long Biên,dat,12000000000,ban,12.0
83.0,Quận Long Biên,dat,21000000000,ban,21.0
126.0,Huyện Ba Vì,dat,1750000000,ban,1.75
50.0,Quận Long Biên,dat,8300000000,ban,8.3
50.0,Quận Long Biên,dat,8200000000,ban,8.2
90.0,Quận Long Biên,dat,40400000000,ban,40.4
70.0,Huyện Đông Anh,dat,3850000000,ban,3.85
65.0,Quận Long Biên,dat,17300000000,ban,17.3
100.0,Huyện Quốc Oai,dat,2300000000,ban,2.3
374.0,Quận Hà Đông,dat,26900000000,ban,26.9
80.0,Quận Bắc Từ Liêm,nha_pho,7200000000,ban,7.2
500.0,Huyện Thường Tín,nha_pho,10000000,ban,0.01
44.0,Quận Bắc Từ Liêm,dat,9000000000,ban,9.0
64.0,Quận Bắc Từ Liêm,dat,9500000000,ban,9.5
150.0,Huyện Ba Vì,nha_pho,1390000000,ban,1.39
100.0,Thị xã Sơn Tây,dat,2000000000,ban,2.0
45.0,Quận Long Biên,dat,9200000000,ban,9.2
197.0,Quận Bắc Từ Liêm,nha_pho,16000000000,ban,16.0
116.0,Huyện Quốc Oai,nha_pho,4814000000,ban,4.814
100.0,Thị xã Sơn Tây,nha_pho,3599000000,ban,3.599
87.0,Huyện Phúc Thọ,dat,3500000000,ban,3.5
90.0,Huyện Hoài Đức,dat,4000000000,ban,4.0
86.8,Huyện Thạch Thất,dat,3750000000,ban,3.75
140.0,Huyện Đông Anh,dat,11500000000,ban,11.5
100.0,Thị xã Sơn Tây,dat,3200000000,ban,3.2
80.0,Quận Cầu Giấy,dat,33500000000,ban,33.5
100.0,Thị xã Sơn Tây,dat,1890000000,ban,1.89
40.0,Quận Long Biên,nha_pho,5600000000,ban,5.6
40.0,Quận Bắc Từ Liêm,dat,8500000000,ban,8.5
50.0,Huyện Phú Xuyên,dat,900000000,ban,0.9
75.0,Quận Long Biên,dat,7600000000,ban,7.6
100.0,Huyện Thạch Thất,dat,2140000000,ban,2.14
84.0,Huyện Thạch Thất,dat,55000000,ban,0.055
94.5998,Huyện Mỹ Đức,dat,3700000000,ban,3.7
78.0,Huyện Thường Tín,dat,5500000000,ban,5.5
85.0,Huyện Thạch Thất,nha_pho,2390000000,ban,2.39
236.0,Quận Bắc Từ Liêm,dat,35400000000,ban,35.4
43.0,Huyện Đông Anh,dat,4950000000,ban,4.95
60.7999,Thị xã Sơn Tây,dat,2000000000,ban,2.0
31.0,Quận Bắc Từ Liêm,dat,4900000000,ban,4.9
89.8,Huyện Gia Lâm,nha_pho,7813000000,ban,7.813
100.0,Huyện Mê Linh,nha_pho,4900000000,ban,4.9
80.0,Huyện Chương Mỹ,dat,1550000000,ban,1.55
40.0,Quận Long Biên,dat,6500000000,ban,6.5
40.0,Huyện Đông Anh,nha_pho,2650000000,ban,2.65
112.0,Huyện Sóc Sơn,dat,3200000000,ban,3.2
81.0,Quận Long Biên,nha_pho,13900000000,ban,13.9
60.0,Thị xã Sơn Tây,dat,3500000000,ban,3.5
30.0499,Quận Bắc Từ Liêm,dat,8800000000,ban,8.8
85.0,Huyện Thạch Thất,nha_pho,1200000000,ban,1.2
143.0,Huyện Phúc Thọ,dat,7150000000,ban,7.15
50.0,Quận Bắc Từ Liêm,dat,7000000000,ban,7.0
52.0,Huyện Gia Lâm,dat,2400000000,ban,2.4
62.0,Huyện Thạch Thất,nha_pho,2200000000,ban,2.2
100.0,Huyện Quốc Oai,dat,3850000000,ban,3.85
100.0,Huyện Thạch Thất,dat,2500000000,ban,2.5
317.1,Huyện Hoài Đức,dat,39000000000,ban,39.0
92.0,Quận Ba Đình,dat,16500000000,ban,16.5
586.0,Huyện Chương Mỹ,dat,5500000000,ban,5.5
900.0,Quận Bắc Từ Liêm,dat,27000000000,ban,27.0
101.0,Huyện Sóc Sơn,dat,785000000,ban,0.785
61.5,Huyện Thạch Thất,dat,2350000000,ban,2.35
78.0,Huyện Thạch Thất,nha_pho,2450000000,ban,2.45
190.6,Huyện Sóc Sơn,dat,5718000000,ban,5.718
150.0,Huyện Đông Anh,dat,4900000000,ban,4.9
60.0,Thị xã Sơn Tây,nha_pho,2850000000,ban,2.85
97.0,Quận Nam Từ Liêm,nha_pho,31000000000,ban,31.0
946.0,Huyện Hoài Đức,nha_pho,3200000000,ban,3.2
45.0,Quận Hà Đông,dat,4298000000,ban,4.298
10000.0,Huyện Thanh Trì,nha_pho,165000000000,ban,165.0
70.0,Quận Bắc Từ Liêm,dat,11200000000,ban,11.2
80.0,Huyện Mỹ Đức,dat,2400000000,ban,2.4
77.0,Quận Long Biên,dat,11500000000,ban,11.5
151.0,Huyện Phú Xuyên,nha_pho,6000000000,ban,6.0
110.0,Huyện Thạch Thất,dat,3905000000,ban,3.905
100.0,Thị xã Sơn Tây,dat,3200000000,ban,3.2
42.0,Quận Nam Từ Liêm,dat,8000000000,ban,8.0
531.0,Huyện Ba Vì,dat,3080000000,ban,3.08
90.0,Huyện Quốc Oai,dat,2450000000,ban,2.45
50.0,Quận Nam Từ Liêm,dat,6000000000,ban,6.0
90.0,Huyện Quốc Oai,dat,2500000000,ban,2.5
110.0,Quận Tây Hồ,dat,23000000000,ban,23.0
318.0,Huyện Quốc Oai,dat,2050000000,ban,2.05
111.1999,Huyện Đông Anh,dat,16124000000,ban,16.124
100.0,Huyện Thạch Thất,dat,2200000000,ban,2.2
40.0,Quận Long Biên,dat,13000000000,ban,13.0
50.0,Quận Long Biên,dat,9500000000,ban,9.5
50.0,Huyện Sóc Sơn,dat,1700000000,ban,1.7
150.0,Huyện Ba Vì,nha_pho,2400000000,ban,2.4
100.0,Quận Bắc Từ Liêm,dat,14000000000,ban,14.0
52.0,Huyện Hoài Đức,dat,11000000000,ban,11.0
80.5998,Huyện Ứng Hòa,dat,2579200000,ban,2.5792
81.0998,Huyện Chương Mỹ,dat,1700000000,ban,1.7
104.0,Thị xã Sơn Tây,nha_pho,3100000000,ban,3.1
107.0998,Huyện Mỹ Đức,dat,3200000000,ban,3.2
64.0,Huyện Thanh Oai,dat,4500000000,ban,4.5
48.0,Huyện Hoài Đức,dat,3200000000,ban,3.2
58.0,Huyện Đông Anh,dat,5800000000,ban,5.8
62.2999,Huyện Hoài Đức,dat,5200000000,ban,5.2
54.0,Huyện Hoài Đức,dat,7200000000,ban,7.2
148.0,Thị xã Sơn Tây,dat,2350000000,ban,2.35
102.0,Huyện Hoài Đức,dat,6700000000,ban,6.7
80.0,Huyện Đông Anh,dat,16800000000,ban,16.8
89.5,Huyện Mỹ Đức,dat,1700000000,ban,1.7
86.0,Huyện Chương Mỹ,dat,1500000000,ban,1.5
451.0,Huyện Quốc Oai,dat,8888888888,ban,8.888888888
33.0,Quận Bắc Từ Liêm,dat,5500000000,ban,5.5
91.6999,Huyện Mỹ Đức,dat,1400000000,ban,1.4
66.0,Huyện Đông Anh,nha_pho,5000000000,ban,5.0
100.0,Huyện Thạch Thất,dat,3300000000,ban,3.3
32.0,Quận Bắc Từ Liêm,dat,8800000000,ban,8.8
95.0,Huyện Thạch Thất,dat,2950000000,ban,2.95
100.0,Huyện Quốc Oai,dat,2500000000,ban,2.5
70.0,Quận Long Biên,dat,25000000000,ban,25.0
68.0,Quận Cầu Giấy,dat,16000000000,ban,16.0
124.0,Huyện Phúc Thọ,dat,7500000000,ban,7.5
169.0,Huyện Mê Linh,dat,11800000000,ban,11.8
32.0,Huyện Gia Lâm,nha_pho,7360000000,ban,7.36
85.0,Huyện Gia Lâm,dat,4600000000,ban,4.6
113.0,Huyện Thạch Thất,dat,3955000000,ban,3.955
55.0,Huyện Hoài Đức,dat,5200000000,ban,5.2
100.0,Huyện Quốc Oai,dat,3000000000,ban,3.0
80.0,Huyện Chương Mỹ,dat,1700000000,ban,1.7
110.0,Huyện Thạch Thất,dat,3000000000,ban,3.0
100.0,Huyện Phúc Thọ,dat,6500000000,ban,6.5
100.0,Thị xã Sơn Tây,dat,2000000000,ban,2.0
77.0,Huyện Sóc Sơn,dat,2150000000,ban,2.15
140.0,Huyện Gia Lâm,nha_pho,13500000000,ban,13.5
52.0,Huyện Thanh Trì,dat,7500000000,ban,7.5
400.0,Quận Long Biên,dat,1200000000,ban,1.2
927.0,Huyện Ba Vì,dat,5100000000,ban,5.1
85.0,Huyện Đông Anh,nha_pho,6600000000,ban,6.6
78.9,Huyện Chương Mỹ,dat,2150000000,ban,2.15
100.0,Huyện Quốc Oai,dat,3100000000,ban,3.1
32.0,Quận Hà Đông,nha_pho,7300000000,ban,7.3
451.0,Huyện Quốc Oai,nha_pho,9909000000,ban,9.909
335.2,Huyện Quốc Oai,dat,6780000000,ban,6.78
120.0,Huyện Phú Xuyên,dat,120000000,ban,0.12
100.0,Huyện Chương Mỹ,nha_pho,2100000000,ban,2.1
50.0,Huyện Đan Phượng,dat,7100000000,ban,7.1
50.0,Quận Hoàng Mai,dat,22000000000,ban,22.0
100.0,Huyện Quốc Oai,dat,3600000000,ban,3.6
155.0,Quận Nam Từ Liêm,dat,65000000000,ban,65.0
85.0,Quận Long Biên,dat,17000000000,ban,17.0
72.0,Thị xã Sơn Tây,dat,1250000000,ban,1.25
78.0,Huyện Chương Mỹ,nha_pho,4300000000,ban,4.3
